Time,AF3,AF4,F7,F3,F4,F8,FC5,FC6,T7,T8,P7,P8,O1,O2,AF3_Delta,AF4_Delta,F7_Delta,F3_Delta,F4_Delta,F8_Delta,FC5_Delta,FC6_Delta,T7_Delta,T8_Delta,P7_Delta,P8_Delta,O1_Delta,O2_Delta,AF3_Delta2,AF4_Delta2,F7_Delta2,F3_Delta2,F4_Delta2,F8_Delta2,FC5_Delta2,FC6_Delta2,T7_Delta2,T8_Delta2,P7_Delta2,P8_Delta2,O1_Delta2,O2_Delta2
2000.0,-0.6957620978,-16.913766861,-11.9266643524,-11.532734870899999,-6.247430324600001,-1.0117919445,1.0566743612,-0.3723134398,-8.8058013916,-10.373795509299999,-16.9577598572,-19.9464797974,-13.6905555725,-23.415435791,0.02158075570000006,6.037960052500001,2.0700969696000002,1.5019674300999988,2.1783289910000008,0.15788155790000016,-0.8393372743999999,-1.1402303577,7.757481574999999,8.3345413208,4.930304527299999,1.7425823212000005,2.6355819701999987,6.1366062164000015,0.17374755439999992,-0.9218616485500012,1.85465312005,2.6048371792000005,0.3400014638499997,1.24317038065,1.65016792715,1.9817537963499998,-0.4923243522499989,-4.58803367615,1.6402661800500011,4.2585234642000005,2.1076118946000006,0.9638667106999996
2007.8125,-0.6741813420999999,-10.875806808499998,-9.8565673828,-10.0307674408,-4.0691013336,-0.8539103866,0.2173370868,-1.5125437975,-1.0483198166,-2.0392541885,-12.0274553299,-18.203897476199998,-11.0549736023,-17.2788295746,0.1953283101,5.11609840395,3.92475008965,4.106804609299998,2.5183304548500005,1.40105193855,0.8108306527499999,0.8415234386499999,7.26515722275,3.74650764465,6.57057070735,6.0011057854,4.743193864799999,7.1004729271,0.10196568072499997,-1.6198492050250008,1.43512591905,1.9797605574250008,-0.13406009975000044,0.7725650817499999,1.1934388019,2.0498832464500003,-2.0682297945,-4.366418480875,0.7277935743250006,3.8420553356249987,2.202540516850001,0.5844352245499995
2015.625,-0.3051054776,-6.6815700531,-4.0771641731,-3.3191256523000003,-1.2107694149,1.7903119326,2.6783356667,1.3107334375,5.7245130539,-2.88078022,-3.8166184425,-7.944268226599998,-4.2041678429000005,-9.2144899368,0.22551211715,2.7982616424499986,4.9403488077,5.46148854495,1.9102087915000001,1.7030117213999998,1.5475403294,2.9595361352,3.621021986,-0.39829564095000025,6.38589167595,9.42669299245,7.040663003900001,7.3054766655,0.124822914625,-0.013441681874999832,0.02029830217500006,-0.14602541924999946,-0.4940136671250003,-0.696151703625,-0.5594957173249999,0.889483526375,-4.194386124625,-1.0019523650499995,-0.7935041189500001,0.9216651916249998,-0.06506597994999952,0.3290091753
2023.4375,-0.2231571078,-5.2792835236,0.0241302326,0.8922096491,-0.2486837506,2.5521130562,3.3124177456,4.4065284729,6.1937241554,-2.8358454704,0.744328022,0.6494885087,3.0263524055,-2.6678762436000003,0.44497413935,5.0892150402,3.965346694,3.8147537708,1.5303031206,0.008748531300000084,-0.30816078189999985,2.6204904914,-1.1236150265000002,1.7426029145500002,4.98356246945,7.84443616865,4.6130619049,7.7584912777,0.129871025675,2.5492529869250005,-0.977937165625,-1.280648410325,-0.059087067849999834,-1.0990430862,-1.07554639505,0.07824203372500027,-2.470050275325,1.0909069180500002,-2.046670556075,-2.283602267499999,-4.219827815875,-0.721193075175
2031.25,0.5848428011,3.4968600273000003,3.8535292149,4.3103818893,1.8498368263,1.8078089952,2.0620141029,6.5517144203,3.4772830008999995,0.6044256091,6.1505064964,7.7446041107,5.0219559669,6.3024926186000005,0.4852541685,7.8967676163,2.9844744764499995,2.9001917243,1.7920346558000002,-0.4950744510000002,-0.6035524607,3.116020202650001,-1.3190785646499998,1.7835181951499999,2.2925505638,4.85948845745,-1.39899262785,5.86309051515,-0.32722939924999994,-0.3371670245999998,-0.8642482757750001,-0.7571736574000001,-0.12921148537499982,0.20478835705,0.4523898363499999,1.2338310778250006,2.8006227016750005,0.47471383215,-2.387893676725,-2.4609091281749995,-2.6553145050749998,-2.3115348816
2039.0625,0.7473512292,10.514251709,5.993079185499999,6.6925930977,3.3353855610000003,1.5619641541999998,2.1053128242,10.638568878200001,3.5555670261000003,0.7311909199,5.3294291496,10.3684654236,0.2283671498,9.058304786699999,-0.20948465915,4.414880991,2.2368501424500002,2.300406456,1.2718801498500003,0.4183252454000001,0.5966188907999999,5.088152647050001,4.4776303768500005,2.69203057885,0.2077751160000001,2.9226179123,-0.6975671052500001,3.1354215145,-0.237878143775,-4.085278034225,-0.4168485682499996,-0.390963405375,-0.4877522736750001,1.113105952775,1.2740889192,2.026473999,4.11794757845,1.15750193595,1.064124703425,-0.12610577047500016,4.12802645565,-0.8697226047749997
2046.875,0.1658734828,12.326622009300001,8.3272294998,8.9111948013,4.393597126,2.644459486,3.2552518845,16.728019714400002,12.432543754600001,5.9884867668,6.5660567284,13.5898399353,3.6268217564,12.5733356476,0.009497880950000035,-0.2737884521499998,2.1507773399500003,2.11826491355,0.8165301084500001,1.7311374545499998,1.9446253777,7.168968200649999,6.916816592249999,4.09852206705,4.42079997065,4.6072769165,6.85706028345,4.1236453056,0.375305496175,-3.3592016697000004,-0.6793853640249998,-0.5683391094250005,-0.6484788656250002,0.447536975125,0.5521851777750002,-0.5909422636250006,-2.475269913700001,-2.1169840246500002,1.8520900010749999,0.3528714179999997,2.9151265620999998,-0.7525345086999997
2054.6875,0.7663469911,9.9666748047,10.2946338654,10.9291229248,4.9684457779,5.0242390633,5.9945635796,24.9765052795,17.3892002106,8.928235054,14.1710290909,19.5830192566,13.9424877167,17.3055953979,0.5411263332,-2.3035223484000005,0.8780794144000001,1.163728237149999,-0.02507758140000016,1.31339919565,1.7009892463500005,3.9062681198,-0.4729094505500013,-1.54193747045,3.91195511815,3.6283607483,5.132686018949999,1.6303524971000003,-0.12164396795000006,-0.21164107322500006,-1.5064730644500002,-1.6026006937000001,-0.8739233613000001,-1.822128862175,-2.2120524347250003,-7.672112464874999,-7.068415582199999,-3.6421192884249995,-3.7096811533249996,-3.1496458053500005,-4.61308281125,-2.8718953132250005
2062.5,1.2481261492,7.7195773125,10.0833883286,11.238651275599999,4.3434419632,5.2712578773,6.6572303772,24.540555954000002,11.486724853499998,2.9046118259,14.389966964700001,20.8465614319,13.8921937943,15.834040641800001,-0.23379005495,-0.6970705985999999,-0.8621687889499999,-1.0869364738499998,-0.9313166141500002,-1.9131202698,-2.4794794917500003,-8.1752567291,-7.220014572149999,-3.1857165098,-2.9985623360000004,-1.6920146942000012,-2.36910533905,-1.6201453208500007,-0.53526441755,1.6666445732,-1.0336798429750005,-1.8311704396999997,-0.5202471018,-2.679507911175,-3.7645173072750002,-9.66200983525,-4.376952171299998,1.678795218475,-3.387470602975,-3.361250162125,-3.11104744675,-0.4383454322750007
2070.3125,0.2987668812,8.5725336075,8.5702962875,8.7552499771,3.1058125496,1.1979985237000002,1.0356045961,8.6259918213,2.9491710663,2.5568020344,8.1739044189,16.198989868199998,9.2042770386,14.065304756199998,-0.5294025018999999,1.0297667979999998,-1.1892802715500004,-2.4986126422499995,-1.0655717850000002,-4.0456166267,-5.828045368200001,-15.417751550699998,-9.22681379315,1.8156529665000003,-2.8629860878000004,-3.0941395759500003,-1.08940887455,0.7536616325499992,0.3694526553500001,0.8288447856749999,0.510656118425,0.14811456204999995,0.4219844341250001,0.16005763412499996,-0.09565025564999984,1.09977573155,0.8417501449499993,3.178597331025,3.5474765301,1.554497718800001,3.540524482725,2.9137043952750004
2078.125,0.1893211454,9.7791109085,7.704827785499999,6.2414259911,2.2122983932,-2.8199753761,-4.9988603592,-6.2949471474,-6.9669027328,6.5359177589,8.6639947891,14.65828228,11.7133760452,17.3413639069,0.50511525575,0.96061897275,0.15914344789999998,-0.7907073497499999,-0.08734774590000005,-1.59300500155,-2.67078000305,-5.975705265999999,-5.5365142822500015,3.17147815225,4.0963907242,1.4169807434000017,4.7119436264,4.2072634697,0.4229073301,-0.7716683149249999,0.4980623722250004,1.1316361427,0.6079335809000002,2.4411468803500003,3.47642189265,9.790404915825,5.772126734224999,0.0539379715999998,2.485403776175,1.7149970531249998,1.531717777275,-0.07231068612499936
2085.9375,1.3089973927,10.493771553,8.8885831833,7.1738352776,2.9311170578,-1.9880114794,-4.30595541,-3.3254187107,-8.123857498200001,8.8997583389,16.3666858673,19.032951355,18.6281642914,22.479831695599998,0.31641215829999997,-0.5135698318499999,-0.1931555270999996,-0.23534035684999965,0.15029537680000016,0.8366771340000001,1.1247984170999998,4.1630582809500005,2.3174396753,1.9235289097,2.10782146455,0.3358545302999998,1.97402668,0.6090402603000005,-0.649657808275,-1.4118669032749998,-1.710649549975,-1.14836713675,-0.501736566425,0.5065407156999998,1.250375777475,2.23371338845,3.6414716244000007,-2.262855112525,-5.94240522385,-4.6507046222750015,-6.607190966599999,-5.893684744849999
2093.75,0.822145462,8.7519712448,7.3185167313,5.7707452774000005,2.5128891468,-1.1466211081,-2.749263525,2.0311694145,-2.3320233822,10.3829755783,12.8796377182,15.3299913406,15.6614294052,18.5594444275,-0.7942003608,-1.8631148337999999,-3.26215565205,-3.0874416232499997,-1.09082087875,-0.5799235701500003,-0.17002844810000006,-1.5082784891,1.7464289665500008,-1.3542320728,-7.788419723500001,-7.884428501150001,-8.5024383068,-7.580106019999999,-0.377345102825,-1.4718626439500002,-2.4512333870000003,-2.120723426325,-1.0533967614250002,-1.0990803837499998,-1.0086516142,-5.8950184583750005,-4.170809149725001,-5.063729167,-6.126213073724999,-5.551633477175001,-7.576653480525,-6.16873669625
2101.5625,-0.2794033289,6.7675418854,2.3642718792,0.9989520311,0.7494753003,-3.1478586197000005,-4.6460123062,-6.3419756889,-4.6309995651,6.1912941933,0.7898464203,3.2640943527,1.6232876778,7.319619655599999,-0.43827804735,-3.4572951197500004,-5.095622301100001,-4.4767872095,-1.95649814605,-1.3614836334999998,-0.8925048112999998,-7.6269786358,-6.024178624149999,-8.2039294243,-10.144604682899999,-10.767412424049999,-13.17928028105,-11.728433132200001,0.361300148075,-3.0305809975,-1.0100997686500004,-0.5396450161749997,-0.8154094517250002,0.3698813021250004,0.8536802828250001,-0.0243683457499998,-4.2728247642750015,-5.113435745249999,-0.5280079841749994,-0.4621973037499991,-0.6759812831999996,-2.7478883266250005
2109.375,-0.0544106327,1.8373810053,-2.8727278709,-3.1828291416,-1.4001071453,-3.8695883751,-4.5342731476,-13.2227878571,-14.3803806305,-6.0248832703,-7.4095716476,-6.2048335075,-10.697131156900001,-4.8974218369,-0.07160006464999999,-7.9242768288,-5.2823551893500005,-4.1667316556,-2.7216397822000005,0.15983903410000044,1.5373321175499999,-1.5570151805999997,-6.799220562,-11.5811035633,-8.844435691849998,-8.80882310865,-9.854400873200001,-13.07588267325,-0.012644069274999977,-1.2433095574499995,0.7534976005499998,0.7622104883000003,0.07754796742499992,1.1120089590499995,1.528104767225,6.0741003752000005,3.706956446175,1.960978031175,1.665548562974999,2.165960788700001,3.6806123256500016,1.3167395592000002
2117.1875,-0.4226034582,-9.0810117722,-8.2004384995,-7.3345112801,-4.693804264100001,-2.8281805515,-1.5713480711,-9.4560060501,-18.229440689100002,-16.9709129333,-16.8990249634,-14.3535518646,-18.0855140686,-18.8321456909,-0.46356618590000004,-5.943914234649999,-3.5886271,-2.9523662329,-1.8014022112,0.8625342845999999,2.16370472315,4.5212221146000005,1.3897342681999991,-4.28197336195,-6.81350755695,-6.43549084665,-5.818055629749996,-9.0949540138,-0.09917472302499998,4.9004943371,2.6289469600000004,1.97633078695,1.6528244763750004,0.11265718934999967,-0.5169535726250001,2.68349292875,6.365761876125001,7.997569203349999,4.159856319449999,3.772401094425,4.366848588,6.70525729655
2125.0,-0.9815430045,-10.050447464,-10.0499820709,-9.0875616074,-5.0029115677,-2.1445198059,-0.2068637013,-4.1803436279,-11.600912094100002,-14.588829994200001,-21.0365867615,-19.075815200799997,-22.333242416399997,-23.0873298645,-0.26994951069999995,1.8767118454,-0.024461269349999704,-0.21407008170000008,0.5840091705500003,0.3851534127999998,0.5034249722999999,3.8099706769,5.932303190250003,4.4140348434,-0.5247230529500015,-1.2640209198,-1.1207036971999995,0.3346319198500005,0.116672799925,2.5392800867750003,1.91312325,1.541117131725,0.918337762375,-0.252638191,-0.94537702205,-1.9042503834,0.7528471946500009,3.0334303379,3.693331956875,3.3658810853999985,3.929633378999998,4.804894685725
2132.8125,-0.9625024796,-5.3275880814,-8.2493610382,-7.7626514435,-3.525785923,-2.0578737259,-0.5644981265,-1.8360646963,-6.3648343086,-8.1428432465,-17.948471069300002,-16.8815937042,-20.326921462999998,-18.162881851199998,-0.23022058604999995,-0.8653540610999997,0.2376193999999998,0.12986803054999996,0.03527331354999985,0.35725790259999995,0.27295067905000003,0.7127213478000001,2.895428657500001,1.7848873138499997,0.5731563568000002,0.29627132414999835,2.0412111282499983,0.51483535765,-0.24083586780000005,-2.318133354175,-0.09418821337500027,-0.08075201512500008,-0.6165297031500001,-0.24299192427499994,-0.3838520050000001,-2.5622885823249995,-1.7106805146000008,-1.7376652955749998,-0.7465758323999987,0.2204160690250001,1.361741065975,-0.7568192482000011
2140.625,-1.4419841766,-11.781155586199999,-9.5747432709,-8.8278255463,-4.9323649406,-1.4300040007,0.3390376568,-2.7549009323,-5.8100547791,-11.019055366500002,-19.8902740479,-18.4832725525,-18.2508201599,-22.0576591492,-0.7516212462999999,-2.75955486295,-0.21283769610000025,-0.3755741119500001,-0.6490502357499999,-0.10083043575000006,-0.26427903770000005,-1.31460648775,2.51094216105,0.93870425225,-2.0178747177499994,-0.8231887817499999,1.6027784347500005,-1.1790065765500015,-0.0597775429750001,3.78606823085,1.8132295012750004,1.453356087225,1.085057154275,-0.13713920115000006,-0.499573037025,1.541616439825,3.008781909975,4.324566364275,2.0161073208,2.548766016975001,1.6995445489750014,4.200675487525
2148.4375,-2.4657449722,-10.8466978073,-8.6750364304,-8.5137996674,-4.8238863945,-2.2595345974,-1.0930562019,-4.4652776718,-1.3429499865,-6.265434742,-21.9842205048,-18.5279712677,-17.121364593499994,-20.5208950043,-0.3497756720000001,6.7067824006,3.864078402550001,3.036580205,2.2053876221,0.0829795002999999,-0.726195395,3.79595422745,8.91299247745,10.4340200424,4.6053709984,5.3938033581,5.4403002262000015,8.9161863327,0.843976393325,3.9938258305,2.0885354578750004,2.1583403945249997,1.7046902328749998,1.3147007227,1.4145096093250005,5.634083181625,3.33148092035,3.1527054310000002,6.2287628055,4.325830280775,3.3534639179749988,5.231121897700001
2156.25,-2.1415355206,1.632409215,-1.8465864658,-2.7546651363,-0.5215896964,-1.2640450001,-1.1133531332,4.8370075226,12.0159301758,9.8489847183,-10.6795320511,-7.6956658363,-7.3702197075,-4.2252864838,0.93633154035,5.22809679805,3.9642332196499996,3.941106677100001,2.76033023,2.5285710096500003,2.5647401809500003,9.9535598755,9.17390400175,7.244115114249999,10.43965089325,7.8284717798,8.309706270699998,9.28323721885,0.6828257050750002,-4.9308810830250005,-2.0855888128499998,-1.12291228775,-0.9379983544249999,1.233883649125,1.976781606675,-0.8407671451499996,-4.22474312785,-8.019621729825001,0.05418905615000025,-2.119030475625,-1.7075027823250002,-5.25611805915
2164.0625,-0.5930818915,-0.3905042112,-0.7465699911,-0.6315863132,0.6967740655,2.7976074219,4.03642416,15.4418420792,17.004858017,8.222795486499999,-1.1049187183,-2.8710277081,-0.5019520521,-1.9544205666,1.0158757381499999,-3.1549797654500003,-0.30709922315000004,0.7907556294999999,0.32939091325,2.55074679855,3.2273678183500003,2.1144199371500005,0.4635062217500003,-5.60522341725,4.7137491107,1.15574240685,2.0252946615500003,-1.5960497856,-0.400051318125,-0.6725626736750001,-0.7089315056999999,-0.7557896376000004,-0.8541448414249998,-1.894331961875,-2.5198328793,-9.7177065015,-6.922211676875,-4.345716834099998,-3.7760195732499997,-1.90089643,-3.3199105858749984,-2.2090532779500007
2171.875,-0.1097840443,-4.6775503159,-2.4607849121000003,-1.1731538773,0.1371921301,3.837448597,5.3413825035,9.0658473969,12.9429426193,-1.3614621162,-1.2520338297,-5.3841810226,-3.3196303844,-7.417386055,0.13622890410000002,3.8829714507,2.5463702082500004,2.4295274019,1.05204054715,-1.2600929141,-2.4749255776499997,-9.4818531275,-4.6705193519999995,-1.4473185539499993,2.88761174675,4.0266789198,1.66988509895,4.86513066295,-0.5711626299,5.661236315999999,3.050043046475,1.8245125413249998,0.6016534715750002,-2.901600122475,-4.32202753425,-5.87035369875,-3.948901563875,5.238541603050002,0.23898488282499966,4.596031546575,2.8637549876999997,7.4063515663000015
2179.6875,-0.3206240833,7.3754386902,4.3461704254,4.2274684906,2.8008551598,0.2774215937,-0.9134269953,-3.5218641758,7.663819312999999,5.3281583786,4.6703047752,5.1823301315,2.8378181458,7.775840759299999,-0.12644952164999998,8.167492866549999,5.7929868698,4.43978071215,1.5326978564000002,-3.2524534464,-5.41668725015,-9.62628746035,-7.434296906,4.87185978885,5.19171887635,10.3478055,7.75280463695,13.216653347000001,-0.05151396987500002,-2.599485598525,-0.9277187287750004,-1.0510621666749995,-0.8774661273000001,0.011549949624999887,0.3508568406250001,2.3927279711000002,-0.9776098727749996,-0.12401083110000045,-1.041443645925,-0.7297033667500001,0.9217491447749996,-1.4571408033499993
2187.5,-0.3626830876,11.6574354172,9.1251888275,7.706407547,3.2025878429000003,-2.6674582958,-5.4919919968,-10.1867275238,-1.9256511927,8.3822574615,9.131403922999999,15.3114299774,12.185978889500001,19.015920639,0.033200964349999966,-1.3159997463500002,0.6909327506999996,0.32740306855000023,-0.7028917074500001,-1.23699301485,-1.7732118964,-4.696397185300001,-6.62573909755,-1.6953402161500002,0.8047244549000001,2.5672721863,3.5133833884999994,1.950849056250001,0.08114637249999998,-5.518782615675,-3.877536296825,-3.0546371937000005,-1.181687504025,1.6491699218749998,2.83884572985,3.624195575725,2.7583807111,-4.074984908075,-3.5868230163999995,-6.864224433875001,-5.132790029050001,-8.6795518398
2195.3125,-0.2542221546,4.7434391975,5.7280359268,4.8822746277,1.3950717449,-2.196564436,-4.4598507881,-12.914658546400002,-5.5876588821,1.9374779463,6.279753685,10.3168745041,9.864584922799999,11.677538871800001,0.03584322334999998,-2.8700723648000004,-1.9620857238499998,-1.6694936752500005,-0.8306771516500001,0.045886397349999886,0.2610042095499998,-2.3778963089000005,-1.9175354838,-3.2781100273000003,-1.9819271564499996,-3.3806433677499994,-2.5127754211500006,-4.1424503326,0.07612428440000002,0.6308877468249999,-1.2263830900249997,-1.0723374784000002,0.12082451585000005,0.40655067564999997,0.8040096461749999,2.563111484025001,2.3952505588249995,0.649347275475,-1.351639568825,-2.8900133371499996,-3.5389240979999994,-2.259130120300001
2203.125,-0.2909966409,5.9172906876,5.201017379800001,4.3674201965,1.5412335396,-2.5756855011,-4.9699835777,-14.942520141600001,-5.7607221602999985,1.8260374069,5.1675496101,8.5501432419,7.1604280472,10.7310199738,0.18544953315,-0.054224252700000086,-1.7618334293499998,-1.8172718882499999,-0.46124267575000005,-0.4238916635500001,-0.16519260405000002,0.42982578275000094,-1.8352379799,-0.39664566520000005,-1.89855468275,-3.2127544880000003,-3.5644648074999994,-2.567411184350001,0.07221484555,-2.052348136925,-2.235248208075,-2.104096293424999,-0.8008872270749998,0.1262592673250001,0.65131565925,1.6880893707250002,-0.53553381565,-1.2154331207249995,-2.4715840816500005,-3.8556678295250006,-3.2440996169999994,-4.095096588175
2210.9375,0.1166769117,4.6349906921,2.2043690681,1.2477308512,0.4725863934,-3.0443477631,-4.7902359962,-12.0550069809,-9.2581348419,1.1441866159,2.4826443195,3.8913655281,2.7356553078,6.542716503099999,0.18027291445000002,-6.9747686386500005,-6.43258214,-5.877686262099999,-2.4324516058000003,0.2984049320000001,1.5636355280499998,0.99828243255,-2.9886031151,-5.708976268749999,-6.9250953197500005,-11.0919790268,-9.00097465515,-12.33264350895,-0.271577276275,-5.163971304875,-2.6337714194999995,-2.0915763974250003,-1.2600703835750002,0.5755303800250001,1.071628913275,-1.6459329128250006,0.05566811562499985,-4.406686872225,-3.641899228075,-4.780018329624999,-3.1024451256,-6.551389694174999
2218.75,0.069549188,-8.0322465897,-7.6641469002,-7.3879523277,-3.323669672,-1.9788756371,-1.8427125216,-12.945955276500001,-11.737928390499999,-9.591915130599999,-8.682641029400001,-13.6338148117,-10.841521263099999,-13.9342670441,-0.3577050194,-10.38216686245,-7.029376268349999,-6.000424683099999,-2.9813834429000003,0.7271690965000002,1.9780652225,-2.8620400429000004,-1.7239017486500003,-9.21001940965,-9.1823531389,-12.772791147249999,-9.7693550587,-15.6701905727,-0.020877845574999984,3.2677354813,3.186751842525,2.891925573325,1.145612597475,-0.32704538105000003,-1.0982677936249998,-2.08262729645,0.23946642877499946,2.2643549442249995,3.828831553475,5.657663583750002,4.851137638075,6.2915120125
2226.5625,-0.5987331271,-16.1293430328,-11.854383468599998,-10.753118515,-5.4901804924,-1.5900095701,-0.8341055512000001,-17.7790870667,-12.705938339200001,-17.2758522034,-15.8820619583,-21.654216766399998,-16.8030548096,-24.7976646423,0.13851722330000002,-0.4392976760499998,-0.0590784549500003,-0.09383511545000013,-0.1412264108500001,-0.3556858301,-0.6329000591999999,-3.1669721603499994,-2.5096702575500007,-1.1802663803,0.7325677872000003,0.22334814070000064,0.7013006209999997,0.2503805160499999,0.628599163125,8.429201006849999,5.136346816999999,4.264913707975,2.4256026447000005,-0.6146898866000001,-1.69444677235,1.4337079525250005,0.16991424560000026,7.37546387315,8.592797417175,9.678490281124999,7.8957107067250005,12.599205493900001
2234.375,0.3465836346,-8.9108419418,-7.7823038101,-7.5756225586,-3.6061224937,-2.6902472973,-3.10851264,-19.2798995972,-16.7572689056,-11.952447891199999,-7.217505455,-13.1871185303,-9.4389200211,-13.433506012,0.8994933068500001,6.476235151250001,3.243317365649999,2.5294027328500004,1.8698218465000005,-0.5022106767000001,-1.4108283222,0.005375862150000188,-1.38407325745,5.540908336649999,8.003241695449999,6.584189414999999,6.022066354750001,9.5282204151,-0.10860810055000003,0.11001896854999947,0.4387092590250001,0.5280952453750003,0.28764015435,0.62881442905,0.8090648054999999,2.661659002325,3.119442701325001,1.1200616359499995,0.3648303746999999,0.5820095539249994,0.6878143549250001,0.39148068430000027
2242.1875,1.2002534866,-3.1768727302999995,-5.3677487373,-5.6943130493,-1.7505367994,-2.5944309235,-3.6557621956,-17.7683353424,-15.474084854100001,-6.1940355301,0.1244214326,-8.4858379364,-4.7589221001,-5.7412238121,-0.07869897780000001,-0.21925973895000084,0.8183400631000001,0.9623553753000004,0.4340538978499999,0.9019430279999999,0.9852295518,2.1563458443000005,3.7292151451,1.059856891599999,1.4622285366,1.3873672485499997,2.07692933085,1.0333418846500004,-0.8958986848499999,-5.235432624775001,-1.5315517187249994,-0.9120733738000002,-1.3650605678749999,0.4674178660250001,1.07422564925,-0.4490861892749996,1.3264579773,-4.834455251700001,-5.992195047425,-3.304913520825,-3.15737116335,-6.364839553825001
2250.0,0.189185679,-9.349361419700001,-6.1456236839,-5.650911807999999,-2.738014698,-0.8863612412999999,-1.1380535364,-14.967207908599999,-9.2988386154,-9.832734108,-4.2930483818,-10.4123840332,-5.2850613594,-11.3668222427,-0.8923040628499999,-3.994630098300002,0.18021392820000012,0.7052559852500001,-0.86029928925,0.4326250553500001,0.7376229763,-0.8927965163999989,1.2688426971500002,-4.128002166749998,-3.9811483994,-0.025637626650000026,-0.2926759719500001,-3.20145869255,-0.22510706635000002,0.8001612425000006,0.384835481625,0.35370665787499955,-0.2625711560249999,-1.1117919683750002,-1.3585661649749998,-3.6579666137999998,-4.104221820825,-2.2412137985,-2.12050533295,0.4135481119000004,-1.7937943935499998,-0.07916951182500043
2257.8125,-0.5843546391,-11.166132926900001,-5.0073208809,-4.2838010788,-3.4711353779,-1.7291808128,-2.180516243,-19.553928375199998,-12.9363994598,-14.450039863599999,-7.8378753662,-8.5371131897,-5.344274044,-12.1441411972,-0.5289131105,1.3810627460500005,1.5880110263499998,1.6697686910499996,-0.09108841419999993,-1.32164090875,-1.7319027781499998,-5.1595873833,-4.479228496549999,-3.4225707054,-2.7787821293,2.2144634723500003,-1.51065945625,0.8750028609999996,0.3004518747499999,4.390924394100002,1.1927313749,0.720389730525,0.93545618655,-0.6695430279000001,-1.07937681675,0.4254064559749988,-0.33074665069999964,3.697402477275,2.27289112285,1.858030438425,0.6052328347999999,4.043055593975
2265.625,-0.8686405420000001,-6.5872359276,-2.9696016312,-2.3113744259,-2.9201915264,-3.5296430588,-4.6018590927,-25.2863826752,-18.257295608499998,-16.6778755188,-9.8506126404,-5.9834570885,-8.3063802719,-9.6168165207,-0.29140031335,4.7872186899,2.565676678,2.1460354463,1.01061308385,-0.90646100045,-1.4211306572000002,-0.04198360445000127,0.6073493957500009,3.2668027878,0.5646338463,3.6904232502,0.9177896976499996,4.8846524954,0.2368351817,1.818541347975,0.7898518443249999,0.2464825511000003,0.9187476188,0.7460947335,0.5906003415499999,5.004065513624999,6.014791309824999,7.152471065525,4.3385359943,1.5214159488749996,4.486965537075,3.9896297455000003
2273.4375,-1.1671552658,-1.5916955471,0.1240324751,0.0082698138,-1.4499092102000002,-3.5421028137,-5.0227775574,-19.6378955841,-11.721700668299999,-7.916434288,-6.7086076736,-1.1562666893,-3.5086946487,-2.3748362064,-0.05524274709999999,5.018145442,3.167714715,2.1627337932499997,1.7464068234,0.17054855824999993,-0.5507020950500001,4.848543643949999,7.550354123099999,10.88237142565,5.898289859299999,5.2572953701,7.463271617899999,8.854262352000001,0.345662571475,0.05549323559999975,0.3035917393500001,0.18658696257500007,0.4482076168,0.4916706085250001,0.21944487095000045,-0.4465546607999986,1.412871241549999,1.7813957929500002,3.5250778198000012,0.9539837837250004,3.1079810857749997,1.8993736505250003
2281.25,-0.9791260362,3.4490549564,3.3658277988,2.0140931606,0.5726221204,-3.1885459423,-5.7032632828,-15.5892953873,-3.1565873623000003,5.0868673325,1.9459670782,4.5311336517,6.6201629639,8.0917081833,0.39992482960000003,4.8982051611,3.1728601567,2.51920937145,1.90702831745,0.0768802166,-0.9822409152999994,-0.9350929260499984,3.4330918788499987,6.8295943737,7.614789485900001,5.5983908176499995,7.133751869199999,8.683399796449999,0.20514632019999998,-1.8650656938499999,-1.1547654867000001,-0.5205360054750001,-0.6346262395500001,-0.1171896457749999,0.12208735945000004,-4.012476444225,-5.1995755434,-6.7505737804,-2.09523910285,-1.7691131829999998,-3.736945509925,-3.799430847175
2289.0625,-0.3673056066,8.2047147751,6.4697527885,5.0466885567,2.3641474247,-3.3883423805,-6.987259387999999,-21.508081436199998,-4.8555169106000005,5.7427544594,8.520971298200001,10.040514946,10.7588090897,14.9919633865,0.35504989330000003,1.2880140542999998,0.8581837416,1.1216617823000001,0.4771543443,-0.06383073329999989,-0.30652737615000003,-3.1764092445000016,-2.8487969637,-2.61877613515,1.7078116536000003,1.7190690040999999,-0.010619401949999665,1.25540065765,-0.17755959927499998,-4.257842928175,-3.047654679,-2.6519230388,-1.6290132701499997,0.07296067475000012,1.0295555591749994,2.3475697040749988,-2.2368904351749994,-4.26006019115,-5.575868159500001,-5.0842410177,-5.2678319812000005,-7.075143039199999
2296.875,-0.2690262496,6.025083065,5.082195282,4.2574167252,1.526930809,-3.3162074089,-6.3163180351,-21.942113876300002,-8.8541812897,-0.1506849378,5.3615903854,7.9692716599,6.59892416,10.6025094986,0.04480563104999999,-3.61748069525,-2.9224492013,-2.78463670615,-1.35099822285,0.22280156610000024,1.0768702030499997,3.7600464820999986,-1.0406889914999995,-1.6905260086000002,-3.5369468331000005,-4.57009121775,-3.4019120932,-5.466886281950001,-0.26163564625,-2.701378762725,-1.77962527425,-2.068168848775,-0.958553716525,0.0968250036249999,0.543651938425,4.073000192625002,2.00414544345,2.2512019798000003,-2.1964749293250003,-2.8806981705500005,-0.1995458602750002,-2.60424917935
2304.6875,-0.2776943445,0.9697533846,0.6248543859000001,-0.5225848556,-0.337849021,-2.9427392483,-4.8335189819,-13.987988472,-6.9368948936,2.3617024422,1.4470776319999998,0.9003325105,3.9549849033,4.0581908226,-0.1682213992,-4.11474347115,-2.7010668069,-3.01467591525,-1.4399530887499998,0.12981927394999992,0.7807765006999999,4.969591140750001,1.1594939231999994,1.88362782445,-2.6851382050500003,-4.0423273370000015,-0.4097111225000001,-3.9530977010500004,-0.11566666515,0.04054552317499982,0.938538134075,0.884632080825,0.1263279318999999,-0.10116374490000013,-0.3502444028999998,-1.3009610175999993,-0.2241147757000004,0.013670489175000132,0.8202296495250003,1.7829375862999999,1.9527472258,1.5185700654999998
2312.5,-0.605469048,-2.2044038773,-0.3199383318,-1.7719351053,-1.3529753685,-3.056568861,-4.7547650337,-12.0029315948,-6.535193443300001,3.6165707111,-0.0086860247,-0.1153830141,5.779501915,2.6963140965,-0.18652769925,-3.5363896488999997,-1.04537293315,-1.0153725445,-1.09834235905,0.020474076299999974,0.3763813972499999,1.1581244469000005,-1.4889185429000005,-1.66318503025,-1.89648753405,-1.00421604515,0.5035823584000001,-2.42974615095,0.31765362620000004,1.4683103561499995,0.567744687175,0.6603099703749999,0.4370017051749999,-0.09844732284999992,-0.27639782430000004,-1.6374416351500003,-1.7809154987499998,-0.978337731175,1.4890306983,1.1247535273750002,-0.0608226060999999,1.257975283975
2320.3125,-0.650749743,-6.103025913200001,-1.4658914803999998,-2.5533299446,-2.5345337391,-2.9017910957,-4.0807561874000005,-11.671739578199999,-9.9147319794,-0.9646676183,-2.3458974361,-1.1080995798,4.9621496201,-0.8013014793000001,0.4670858532,-1.1781227588500005,-1.56557743255,-1.6940559745,-0.5659496784000001,-0.06707537174999989,0.2279808521,1.6947078704500005,-2.4023370743,-0.07304763790000024,0.29292319155,-1.79282028225,-0.5313563346999999,-1.4371471331,0.4228218794,0.8740456402250001,-1.0694761127249999,-1.13315437735,0.2776704728500001,0.1880277991,0.1953325867500002,0.25590229032499945,0.7474056482500004,1.382192701125,1.24722364545,-2.05637829005,-1.2806781381749999,-0.5311751365749999
2328.125,0.3287026584,-4.560649395,-3.4510931969,-5.1600470543,-2.4848747253,-3.1907196045,-4.2988033295,-8.6135158539,-11.339867591900001,3.4704754353,0.5771603584,-3.7010235786,4.7167892456,-0.1779801697,0.65911605955,-1.78829836845,-3.1843251586,-3.2816812992,-0.5430014133499999,0.39652967450000004,0.7670465707500003,1.6699290275499994,0.005892753600000411,1.101200372,0.59795975685,-5.11697262525,-2.05777391795,-3.4920964241,-0.216519482425,-2.9322900772250002,-1.6200269832999996,-1.1396717131,-0.5977871418249999,0.6123638600249999,0.986581334875,-0.7922091483750004,1.2677156925500004,-2.947379648725,-2.520200242275,-3.317747321,-2.752736449225,-4.49731833485
2335.9375,0.6674823760999999,-9.6796226501,-7.8345417976,-9.116692543,-3.6205365658,-2.1087317467,-2.5466630459,-8.3318815231,-9.9029464722,1.2377331257,-1.1499779224,-11.342044830299999,0.8466017842,-7.7854943275,0.03404688834999997,-7.0427029133,-4.805631399149999,-3.9733994007,-1.76152396205,1.1576523483,2.20114352185,0.11028957369999937,0.13309431080000067,-5.96780693535,-4.747477293,-8.42831492425,-6.036829233150001,-10.4317838028,-0.33113184572500004,-1.0351434946249995,0.0025096833749995717,0.4257503747749998,-0.3123665452000003,0.08172951639999992,0.3269899115249999,-0.8145303726249997,-0.6552183627999999,-3.423943713325,-2.650781691075,-0.3693267405000005,-2.2184247076249997,-2.146423459075
2343.75,0.3967964351,-18.6460552216,-13.062355995199999,-13.1068458557,-6.0079226494,-0.8754149079000001,0.1034837142,-8.3929367065,-11.0736789703,-8.4651384354,-8.9177942276,-20.5576534271,-7.3568692207,-21.0415477753,-0.003147631900000003,-3.8585853576999987,-3.1793057918500014,-2.43018054965,-1.1677345037500004,0.5599887072999998,1.4210263937999998,0.04086828229999995,-1.3045439719999994,-5.746687054650001,-4.7036036253,-5.855626106250001,-6.494623333200001,-7.784943342249999,0.14832253010000004,4.8184696436,2.7461925744999998,2.411874413475,1.32529973985,-0.3552667596499999,-0.8535424359500001,0.6557185649500006,0.6291913985999997,3.283128798025,3.2240201234750003,4.653680205350001,2.613569736475,5.924042288225
2351.5625,0.6611871122999999,-17.3967933655,-14.193153381300002,-13.9770536423,-5.956005573300001,-0.9887543321,0.29538974170000004,-8.2501449585,-12.512034416199999,-10.2556409836,-10.557185172999999,-23.0532970428,-12.1426448822,-23.355381012,0.3306919485500001,2.5942363739000003,0.6867537498499994,0.8503494262500002,0.8890755176499998,0.4471188290000001,0.4940586499499999,1.4217267036000003,1.391477108,0.5984506607000002,1.70056295395,0.8790454864499999,-0.8096897602000004,1.4163007736500006,0.13095879557499998,2.630620718024999,2.213066458700001,1.96105194095,1.1061937213000004,0.4086144268500001,0.07739354667499998,2.067269457525,3.056165099125,3.747572839275,3.943142950525,4.024741172774999,4.272683933375002,4.988335967099999
2359.375,1.0581803322,-13.4575824738,-11.6888484955,-11.4061470032,-4.2297716141000015,0.0188227501,1.0916010141,-5.549483299299999,-8.2907247543,-7.268237114,-5.5166683197,-18.7995624542,-8.976248741100003,-18.208946228,0.25876995925,1.4026560783499988,1.2468271255500012,1.4919233322499998,1.0446529388500003,1.377217561,1.57581348715,4.17540719735,4.807786226249998,1.7484586238999995,3.1826822757499995,2.1938562393000005,2.0507445335500005,2.19172859195,-0.32542307675000004,-0.3237419128250001,0.5543487072000004,0.4666404724249997,-0.0038740038749998096,0.0099445628,-0.09148963352499988,0.1365260482249996,1.5844872295749997,0.942579209825,-0.3286331296,0.7526907920750001,1.2480505704750002,0.6191413402249992
2367.1875,1.1787270308,-14.591481208800001,-11.6994991302,-10.9932069778,-3.8666996956,1.7656807899,3.4470167160000003,0.1006694362,-2.8964619637,-6.7587237358,-4.1918206215,-18.6655845642,-8.0411558151,-18.9719238281,-0.32015420495,1.9467525482499999,1.7954511642500002,1.7836303710999997,0.8813275099000002,0.4670079546000001,0.3110793829000001,1.6947788000499997,4.560451567149999,2.48360908035,1.04329669475,2.3844270706,1.6864113807499999,2.654583454099999,-0.423416293325,2.9031061083000007,1.6731569170749991,1.222524166075,0.5945126563249997,-1.0191939622,-1.7507395893250002,-3.178829338425,0.5177936554250002,2.7944126129000004,0.16490304472500014,1.97213709355,1.1581209748749997,3.4018154442000004
2375.0,0.4178719223,-9.5640773773,-8.097946167,-7.838886261,-2.4671165943,0.9528386593,1.7137597799000002,-2.1599256992,0.83017838,-2.3010189533000003,-3.4300749302,-14.030708313,-5.603425979600001,-12.8997793198,-0.5880626274,7.20886829495,4.5931409597,3.9369716644,2.2336782515,-0.6611703634,-1.9256656915,-2.1822514795,5.843373537100001,7.3372838497,3.5124883652,6.1381304264,4.3669864833,8.99535948035,0.2745463252,1.8313459753749999,0.9766581505499998,0.6451174020750001,0.6558998226999999,-0.0008793869000000566,-0.3563892841250001,0.3572474121750001,0.9057576060500004,3.0487219094999998,3.2311764955500006,1.98354911805,2.920739412325,3.389263629950001
2382.8125,0.002601776,-0.1737446189,-2.5132172108,-3.119263649,0.6006568074,0.4433400631,-0.404314667,-4.2638335228,8.7902851105,7.9158439636,2.8331561089,-6.3893237113999986,0.6928171515,-0.9812048674,0.22893844545000003,5.609444498999999,3.7487674653500003,3.07386517525,2.1931271553,0.4652491808,-0.4016991853500001,2.4092736244,6.371966779249999,8.581052899349999,7.505649685850001,6.351525306699999,7.527890205399999,9.433110714,0.582500023925,-2.8700980842000003,-0.6760051846249997,-0.7554048001500002,-0.674973279225,0.419305786475,0.700334116825,2.31698256545,-2.9211198091750004,-0.7600873708499999,2.5117417573750007,0.9361286163499996,3.611256629250001,0.12484782937499972
2390.625,0.8757488132,1.6548116207,-0.6004112363,-1.6911559105,1.9191377163,1.8833370209,0.9103614092,2.6586215496000003,13.5741119385,14.8610868454,11.581224441500002,-1.3276576996,9.4523544312,5.966442108200001,0.5769374204500001,1.46867212655,3.24113059045,2.4261620641,0.8837316930499999,0.17744120954999998,-0.5249974578500001,2.4517136514,0.001133918749999907,5.8171091079999995,8.53597187995,8.0103876591,11.589499741800001,9.2450551391,-0.233858771625,-1.8355860710000005,0.3284384310250001,0.1821537017749999,-0.901509225375,-1.249356150625,-1.65554603935,-5.4216455817,-6.32306680085,-3.2385581135750003,-1.315236628050001,1.358172893525,1.3693971633750002,0.09930062289999952
2398.4375,1.1564766169,2.7635996342,3.9690439701,1.7330604792,2.3681201935,0.7982224822,-1.4543095827,0.63959378,8.792552947999999,19.5500621796,19.9050998688,9.631451606799999,23.871816635100004,17.5089054108,-0.2387790978,1.9382723569999998,4.4056443274,3.4381725788,0.39010870455000013,-2.03346312045,-3.71279126405,-8.434017539,-6.27416682245,2.1039366722,4.875176429749999,9.06787109375,10.26668453215,9.6317119598,-0.25821595555,0.35789050159999997,-1.1228732466750002,-0.7650715112999997,-0.25808136167499984,-0.8791014254,-1.09311602265,-6.808026999225,-3.04284483195,-4.269589662575002,-3.828714489950001,-3.4170314073749983,-6.0019732862750015,-3.6158642470999998
2406.25,0.3981906176,5.5313563347,8.2108774185,5.185189247099999,2.6993551254000003,-2.18358922,-6.5152211189,-14.209413528399999,1.0257782936,19.0689601898,21.331577301,16.8080844879,29.9857234955,25.229866027800004,0.060505509349999986,2.18445312975,0.9953840971,0.8960190415000001,0.3675689697000002,-1.58076164125,-2.7112295031499998,-11.164340347049999,-6.0845557451499985,-2.7220702171500006,0.8785429000499985,1.1763248443500007,-0.41444683075000205,2.0133266449,0.50362585485,-1.2869194149999998,-3.629129663100001,-2.952427402125,-0.4577466249250002,0.983322024325,2.06149974465,3.65689009425,0.7908778190749999,-3.0739076137499994,-3.0626068115249985,-6.881271362300001,-8.035149574275,-7.138990163775
2414.0625,1.2774876356,7.1325058937,5.9598121643,3.5250985622,3.1032581329,-2.3633008003,-6.876768589,-21.6890869141,-3.3765585423,14.1059217453,21.662185668899998,11.9841012955,23.0429229736,21.5355587006,0.7684726118999999,-0.6355664729999999,-2.8526149988000005,-2.46668222545,-0.5253845453000002,-0.06681907180000013,0.41020822524999945,-1.1202373505,-4.6924111843,-4.043878555299998,-1.2500371932999992,-4.694671630849999,-5.803614616400001,-4.646268367750002,-0.24377022682500002,-3.5982788205,-2.3362199068000002,-2.295772224625,-1.3804758489000002,0.3976465314500002,1.4759375751,7.29891841115,1.0241423845499993,-0.1682697534499995,-4.300320029224999,-3.5357860252250006,-2.539114475249999,-4.828264713299999
2421.875,1.9351358414,4.2602233887,2.5056474209,0.25182479620000003,1.6485860348,-2.3172273636000003,-5.6948046684000015,-16.4498882294,-8.359044075,10.9812030792,18.8315029144,7.4187412262,18.3784942627,15.9373292923,-0.4270349443,-5.01210451125,-3.6770557165,-3.69552540775,-2.3933827281,-0.7854685783499997,0.24064564705,3.4334964752499997,-4.036270976050002,-3.05860972405,-7.7220971583999996,-5.8952472061000005,-5.49267578125,-7.643202781699999,-1.0903119445,-2.79425752165,-1.0767725706249995,-1.1727835834000002,-1.1799234152,-0.6089044212999999,-0.4044158458749996,-0.11383104322499983,1.618630290025,-0.22083270550000034,-6.090639829625001,-2.9310564994749995,-2.4587526321499995,-3.8231790065749984
2429.6875,0.423417747,-2.8917031288,-1.3942992687,-3.8659522533,-1.6835073233000002,-3.934237957,-6.3954772949,-14.822093963599999,-11.449100494400001,7.9887022972000015,6.2179913521,0.1936068833,12.0575714111,6.2491531372,-1.4121512771,-6.2240815163,-5.00616014005,-4.81224939225,-2.8852313757,-1.2846279144,-0.3986234664999997,-1.3478994369499997,-1.4551506042500002,-4.4855439663,-13.431316852550001,-10.556784629800001,-10.7211198807,-12.2926263809,-0.23376575112500006,0.10176956652500024,-0.6123095751000003,-0.1975094676250002,0.2486448884,0.3806200027499999,0.4115535020750001,-2.1515212059250004,2.4729227423500006,-1.5310138464000005,-1.7227995395750009,-2.4519663006,-3.4494259357249994,-2.5094380378500007
2437.5,-0.8891667128,-8.1879396439,-7.506672859199999,-9.3726739883,-4.1218767166,-4.8864831924,-6.4920516014,-19.1456871033,-11.2693452835,2.0101151466,-8.0311307907,-13.694828033399999,-3.0637454987,-8.6479234695,-0.8945664465500001,-4.8085653782,-4.9016748667000005,-4.090544343,-1.8960929513,-0.02422857285000002,1.0637526512000002,-0.8695459366000007,0.9095745086500004,-6.120637416849999,-11.16769623755,-10.7991798073,-12.3915276527,-12.662078857400001,0.619274169225,1.7597768307000003,1.6520614027999996,1.9197488874000004,1.1533573269750002,1.379468291975,1.5615120232,4.172978878024998,2.5694035291749997,0.899511158475,4.8288421630750005,3.6708345412999988,3.1864786148250004,3.3891756534249997
2445.3125,-1.3657151461,-12.5088338852,-11.1976490021,-12.0470409393,-5.4756932259000015,-3.9826951027,-4.2679719925,-16.5611858368,-9.6299514771,-4.2525725365,-16.117401123,-21.4047527313,-12.7254838943,-19.0750045776,-0.17360293864999998,-2.7045278549,-1.7020373344500004,-0.9727516174499992,-0.5785167217499998,1.47430866955,2.7244005799,6.998058319099998,3.6836564541,-2.68652164935,-3.7736325263999992,-3.2151155472000017,-4.34816265105,-5.51427507405,0.6791082099250001,3.9316276312,3.1988902688250005,2.9068022370250004,1.6415200531500005,0.921986132875,0.7303159683999998,5.595388174075,2.806068837675,4.83751761915,7.2885740995249995,6.8199487999,6.869446277574999,7.805296659450001
2453.125,-1.2363725901,-13.596995353699999,-10.9107475281,-11.3181772232,-5.2789101601,-1.9378658533,-1.0432504416,-5.1495704651,-3.9020323753,-3.3629281521,-15.5783958435,-20.1250591278,-11.7600708008,-19.6764736176,0.46364997329999996,3.0546898842,1.4961056709500005,1.7230601310500004,1.3869471550000003,1.8197436929,2.524384588,10.32123041155,6.521712184,3.55439782145,3.4094519615000003,2.8407177925,1.3473649024499998,2.9485144615000003,0.2617751807,3.9608386158749993,2.259472489375,2.0912415981249994,1.3245229423249998,-0.0015827417250000586,-0.513169467425,-0.5407086610749996,1.0716065168249995,2.44518360495,3.779091835025,3.7679398060000007,2.51240849495,4.991694212
2460.9375,-0.4384151995,-6.399454116799999,-8.2054376602,-8.6009206772,-2.7017989158999995,-0.3432077169,0.7807971834999999,4.0812749863,3.4134728909,2.8562231064,-9.2984972,-15.723317146300001,-10.0307540894,-13.1779756546,0.34994742274999996,5.217149376849999,2.8169076443,3.2097315788,2.0705291629,1.4711431861000002,1.69806164505,5.916640996950001,5.82686948775,2.20384556055,3.78455114365,4.3207640648000005,0.6766543388499997,4.46911334995,-0.422718718675,-2.85016798975,-0.7359447479500005,-0.23531985282500026,-0.8217845559000003,-0.16795796157499998,-0.06032630799999982,-4.1631243229,-2.413090348275,-5.360883832,-3.527271747575,-1.6213340759249997,-2.577748537025,-3.806465148925
2468.75,-0.5364777446,-3.1626966,-5.2769322395,-4.8987140656,-1.1378518343,1.0044205189,2.3528728485,6.6837115288,7.751706600199999,1.044762969,-8.0092935562,-11.4835309982,-10.4067621231,-10.7382469177,-0.38178746405,-2.6456460953,0.0242161750499994,1.2524204254,-0.2566219568000001,1.48382776975,2.4037319719999997,1.99498176575,1.6955314874500005,-7.1673698425499985,-3.64509153365,-0.4019503593499998,-3.8081321716,-4.664415836349999,-0.426138371225,-5.985484480849999,-3.21730542185,-2.7641227245,-2.0586305260749995,-0.34399184585000003,0.2515151798749997,-2.68966543675,-4.102246761325,-6.3798319101250005,-6.343653678899999,-5.492227077500001,-4.829730510725,-8.009423732774996
2476.5625,-1.2019901276,-11.6907463074,-8.1570053101,-6.0960798264,-3.2150428295,2.6244478226,5.5882611275,8.0712385178,6.8045358658,-11.478516578699999,-16.5886802673,-16.527217865,-17.6470184326,-22.5068073273,-0.5023293196999999,-6.7538195848500004,-3.6177031994,-2.3185138702000003,-2.04673188925,0.7831594944,2.2010920048,0.5373101234500002,-2.3776240348999997,-10.5558182597,-8.90275621415,-6.663690090200001,-8.9828066826,-11.549734115599996,-0.025413490799999997,2.3729221821,0.3119674921250004,-0.015517354000000204,0.24903768299999995,-0.89764234425,-1.210802271975,-1.371352434175,-1.305317819125,1.5616238117499992,-0.3501946926250011,0.07225394250000061,-1.0361204147500005,1.3740637302499987
2484.375,-1.541136384,-16.6703357697,-12.5123386383,-9.535741806,-5.2313156128,2.5707395077,6.7550568581,7.7583317757,2.9964585304000004,-20.0668735504,-25.814805984499998,-24.8109111786,-28.372375488299998,-33.837715148899996,-0.43261444565,2.1001982688999994,0.6481511593000002,1.2213857173999996,0.2414534091999998,-0.31145691875000003,-0.017872571949999916,-0.7477231025999997,-0.9151041508,-4.044122219050002,-4.3454809189000025,-0.25744247434999856,-5.8803730011000015,-1.9162883758500016,0.19083781540000005,8.154017329224999,5.396187394875,4.779386758775001,2.5467265993499995,-0.4374274015499999,-1.6023342609499998,-0.4730703830750002,2.274456620225,6.3333276212000005,7.06142783165,9.135722935225001,6.697148084649999,11.5332853794
2492.1875,-2.0672190189,-7.490349769600001,-6.8607029915,-3.6533083916,-2.7321360111,2.0015339851,5.5525159836,6.5757923126,4.9743275642,-19.5667610168,-25.279642105100002,-17.042102813699998,-29.4077644348,-26.339384079000002,-0.12065368889999994,9.5542150736,7.17467159035,7.24025964735,3.04672130945,-0.09169530869999988,-1.0035765171,-0.4088306427000004,2.17128920555,2.1108369827000004,5.220099449149999,11.60775578025,4.411489486699999,11.516836643199998,0.8370032161250001,2.502114534375001,2.281707763675,1.6675919294500003,1.1543545126750003,0.21702510120000007,-0.4851594567250002,0.6899189949250001,-0.18272852895,4.889841556525001,8.2994530946,5.653269529324999,8.3489869833,7.6634269133250035
2500.0,-1.7824437618,2.4380943775,1.8370045424,4.9447774887,0.8621270061,2.3873488903,4.7479038239,6.9406704903,7.3390369415,-15.845199585,-15.3746070862,-1.5953996181,-19.5493965149,-10.8040418625,1.2413919866,7.104427337650001,5.21156668665,4.5565695763,2.55016243455,0.1225932836500001,-0.9881914854000002,0.6321148872500002,-1.2805612087,5.735560894000001,12.2534252703,11.0490965843,10.817600965499999,13.410565450800002,0.90479558705,-2.3591395616499997,-2.34490925075,-2.9388567209249996,-0.7066061198999999,-0.025712251650000132,-0.05269992352499997,1.0794731378500004,-2.4819106459499998,2.90175127195,3.717878818525,-2.2122648954750006,3.2407740354500003,-0.13825249669999895
2507.8125,0.4155649543,6.718504905700001,3.5624303818,5.459830761,2.3681888580000003,2.2467205524,3.5761330128,7.8400220871,2.4132051468,-8.0956392288,-0.7727915645000001,5.0560903549,-7.7725625038,0.4817468226,1.6889374852,4.8359359503,2.48485308885,1.3625462055000002,1.63350906965,-0.14311981200000012,-1.1089763641500001,1.7501156330000005,-2.79253208635,7.9143395266,12.6558570862,7.1832259893,10.8930375576,11.2403316498,-0.444262593975,-2.1876306533750007,-1.5341932773750004,-1.410351395625,-0.7221009135000002,0.2575162649249999,0.7541089057750001,2.38966703415,2.389973044375,-0.20272696017500055,-3.637391477800001,-3.2670280933249995,-2.7014413476000003,-3.828144386425001
2515.625,1.5954312086000002,12.1099662781,6.8067107201,7.6698698997,4.1291451454,2.1011092663,2.5299510956,10.4409017563,1.7539727688,-0.0165205318,9.9371070862,12.771052360499999,2.2366786003,11.6766214371,0.35286679865000004,2.7291660309,2.1431801318999995,1.7358667850500002,1.10596060755,0.6376258134999999,0.52002632615,5.411448955549999,3.4993848800500005,5.33010697365,4.9786423147,4.51504039765,5.4147182703,5.754276677949999,-1.062231615175,-4.742142975349999,-2.532595843075,-1.9577370285749998,-1.5527408868,0.2499673962500001,1.114234209075,1.159731030475,2.302502751325,-4.071680075525,-8.451544404049999,-5.7693725228,-6.395284980525,-8.291377037775
2523.4375,1.1212985516,12.1768369675,7.848790645599999,8.9315643311,4.5801100731,3.5219721794,4.6161856651,18.6629199982,9.411974906900001,2.5645747185,9.1844930649,14.0861711502,3.0568740368,11.990300178499998,-0.4355257451500001,-4.6483500004,-2.5803385973,-2.55292785165,-1.4719727039500001,0.35681498050000005,1.119492054,4.0695776939499995,1.8124734163,-0.22902062445000002,-4.2472317219,-4.3555190563,-1.89753240345,-5.34242242575,-0.3189661652,-4.41345153005,-3.194610431775,-3.140136446825,-1.7833012566000002,-0.93273058535,-0.7583307027499999,-4.3876373768,-4.367954254125,-3.86178809405,-5.19417215885,-5.69985461235,-4.27244865895,-6.41080328075
2531.25,0.7243797183,2.8132662773000003,1.6460335255,2.5640141964,1.1851997375,2.8147392273,4.7689352036,18.5800571442,5.3789196014,-0.4745617807,1.4426436424000002,4.0600142479,-1.5583862066,0.9917765856,-0.28506553175,-6.097737029199999,-4.24604073165,-4.5444061086000005,-2.46064190565,-1.2278353572,-0.9966350793499998,-3.36382579805,-5.2365236282000005,-2.39346921445,-5.409702003,-6.8846688270500005,-3.1301790476,-7.067329883549999,0.04079881030000004,2.80134391785,1.290342956775,1.3074626922499997,0.6940053105499999,-0.5705069303500001,-1.040325164825,-3.633815288550001,-1.648599326575,-0.6478874911500001,0.7665165066999999,1.6931617855999996,-0.5780110955500002,2.1426514684999995
2539.0625,0.5511674881,-0.0186370909,-0.6432908177000001,-0.15724788609999998,-0.3411737382,1.066301465,2.6229155064,11.9352684021,-1.0610723495,-2.2223637104,-1.6349109411000002,0.3168334961,-3.2034840584,-2.1443595886,-0.35392812455,0.9543378353,0.00034731625000006266,0.06199753284999976,-0.08396208284999995,-0.7841988802000001,-0.96115827565,-3.1980528831500012,-1.4847252368500001,-1.52479560675,-2.7141987085,-0.9691954851000001,-3.0535545945500004,-1.0571194887500002,-0.16358727215,3.0092204958249997,1.6498387157749999,2.0843610540250004,1.09038494525,0.6601982414750001,0.8310192823249999,2.070036888125,3.47398036715,-0.3695154190000003,-0.20228511095000007,1.7753772735500002,-1.866167128075,1.1692283153249998
2546.875,0.016523469199999998,4.7219419479,1.6467281580000002,2.6880092621,1.0172755718000002,1.2463414669,2.8466186523,12.1839513779,2.4094691277,-3.5241529942,-3.9857537746,2.1216232777,-7.665495395700001,-1.1224623919,-0.61224007605,-0.07929603755,-0.9463633001,-0.37568400055,-0.27987201514999993,0.09256112574999996,0.6654034852999999,0.7762479781999998,1.7114371061000002,-3.13250005245,-5.8142722249,-3.33391427995,-6.862513303749999,-4.728873252900001,-0.052553230875000016,-3.0767234563750003,-1.52107048035,-1.5009059905999995,-0.7419852018250002,0.24040384590000005,0.37775373462499984,-0.4930351376499993,0.26655483242499994,-0.5611626133000003,-0.7488009930000001,-2.37226700785,0.18777409197500014,-2.5886198579999995
2554.6875,-0.673312664,-0.17722916600000002,-2.5360174179,-0.9086158872,-0.9009177685,1.2514237165,3.953722477,13.4877643585,2.3618018627,-8.4873638153,-13.263455390899999,-6.3509950638,-16.9285106659,-11.6021060944,-0.4590345863000001,-5.19910907745,-3.04179364445,-2.93981444835,-1.5679324865000002,-0.3033911884,-0.20565080640000025,-4.1841231584499985,-0.951615572,-2.6471208333500007,-4.2118006945,-5.7137295008,-2.6780064106,-6.2343592047500005,0.2418426424,-1.45073924215,0.923662707225,0.34424547479999995,-5.803975000023831e-06,-0.4145686589,-1.4303661063499995,-5.6743367910249995,-1.926567822675,2.1680001616499998,5.2001895010500006,2.8724995255500003,7.720823675399999,4.140298485775
2562.5,-0.9015457034,-5.676276207000001,-4.436859130899999,-3.1916196346,-2.1185894012,0.6395590901,2.4353170395,3.815705061,0.5062379837,-8.818394660900001,-12.409355163599999,-9.3058357239,-13.021508216900001,-13.5911808014,-0.12855479125000002,-2.98077452185,0.90096211435,0.31280694904999995,-0.2798836231,-0.73657619205,-2.1953287274,-10.57242560385,-2.14169853925,1.2035002708500002,4.5861067772,2.41108477115,8.579134047050001,3.55172371865,0.184515682025,1.9621081352250005,2.6843211092249994,2.293588414775,0.7620291709500001,-0.21539641915,-0.8236582279249999,-0.5920662880000003,-0.8005100488499999,2.3835710882750005,4.4937931299499985,5.6360320448999985,6.1352975368500005,6.0797100365
2570.3125,-0.9304222465,-6.1387782097,-0.7340931892,-0.2830019891,-1.4606850147,-0.2217286676,-0.4369349778,-7.6570868492,-1.9215952158,-6.0803632736,-4.0912418365,-1.5288255215,0.2297574282,-4.4986586571,-0.09000322225000001,-1.2748928069999996,2.326848574,1.6473623812,-0.043874144599999935,-0.7341840266999999,-1.85296726225,-5.36825573445,-2.5526356697,2.1200213432000004,4.7757855654000005,5.558334588999998,9.592588663099999,5.92506086825,0.16266994182500005,0.7109536528749998,-0.3571278974500001,0.00951813905000004,0.12164044377499993,0.908467493925,1.8600213677000001,7.6539916098,2.095256567,-0.4026507139250002,-1.4556124955499996,-0.5505515635,-2.9886562228249995,-1.6141439676249998
2578.125,-1.0815521479,-8.226061821,0.2168380171,0.1031051278,-2.2063376904,-0.8288089633,-1.270617485,-6.9208064079,-4.5990333557,-4.5783519745,-2.8577840328,1.8108334541,6.1636691093,-1.7410590649000002,0.19678509240000006,-1.5588672161000003,0.18670631945,0.33184322715000003,-0.03660273555000016,1.0803587958,1.5247140080000001,4.73555761575,2.04881459475,0.3981988429999999,1.6748817861,1.30998164415,2.6018216013999997,0.3234357834000001,0.32188716300000003,1.655798673625,-0.4582794979249999,0.3799323141750001,0.938901841675,2.057418867925,3.17306303975,8.38911145925,6.35477137565,-0.6388732790750001,-0.435300707825,-1.6489132642749995,-4.734546065325,-2.4969188068
2585.9375,-0.5368520617,-9.2565126419,-0.3606805503,0.3806844652,-1.5338904858000002,1.938988924,2.6124930382,1.8140283823,2.1760339737,-5.2839655876,-0.7414782643000001,1.0911377668,5.4334006310000005,-3.8517870903,0.55377110375,2.03670454025,1.4102895781499998,2.40722700955,1.83392953875,3.38065370915,4.49315881725,11.40996718405,10.1569070816,0.8422747850500001,3.90518414975,2.26050806045,0.12349653244999992,0.93122325465,-0.035815261350000016,3.918451666825,2.106034383175,2.28717630355,1.2717455625750005,0.4865407086999998,0.54179167,3.0231645703250014,3.2934926450249997,1.3777670860250002,1.06381097435,2.900793671625,-0.3778934181000004,2.9506388902499996
2593.75,0.0259900596,-4.1526527405,3.0374171734,4.9175591469,1.4615213871,5.932498455,7.715700149500001,15.8991279602,15.7147808075,-2.8938024044,4.9525842667,6.331849575,6.4106621742,0.1213874444,0.1251545697,6.27803611755,4.3987750858,4.90619583425,2.5068883896000003,2.0534402132,2.6082973480000002,10.7818867564,8.635799884799999,3.1537330150500003,3.8025037348,7.111568987400001,1.8460347651999995,6.2247135639,-0.35758766812500004,1.1533480882749998,0.9160760976250004,0.2827199846500001,-0.4291107058750001,-1.891013666975,-2.5109194516750004,-3.8557757139,-4.903530597674999,0.8292548656500002,-1.3582034707249997,1.749498248125,1.1016312837500004,2.34038050845
2601.5625,-0.2865429223,3.2995595932,8.4368696213,10.1930761337,3.4798862934,6.045869350399999,7.8290877342,23.377801895100003,19.4476337433,1.0235004425,6.8635292053,15.314275741600001,9.1254701614,8.5976400375,-0.1614042325,4.3434007168,3.2424417734000004,2.9726669788500004,0.975708127,-0.40137362480000016,-0.5286800861000005,3.6984157562499993,0.3498458862500007,2.5007845163500004,1.1887772083000003,5.7595045567,2.3267590999500007,5.61198427155,0.05109663682500002,-4.8654192686,-3.5502651855250003,-3.84598825125,-1.816583007575,-1.0467730164499995,-1.1807197332249997,-5.440589278925001,-5.228930950174999,-1.9547419399,-2.4616789370500003,-5.577454358350002,-1.4743353127999996,-5.0210957825
2609.375,-0.2968184054,4.5341486931,9.5223007202,10.862893104600001,3.4129376411,5.1297512054,6.6583399773,23.295959472699998,16.41447258,2.1077666283000003,7.3301386833,17.8508586884,11.064180374100001,11.3453559875,0.22734784335,-3.45280241965,-2.70175528525,-2.78578066825,-1.1262776255499998,-0.04010581969999949,0.24685788155000046,-0.09929180145000238,-1.8220620155499996,-0.75575086475,-1.1208541393,-4.043339729300001,-1.1026358604000002,-3.8174780011,0.031045270625,-4.760834097875001,-3.6232309639249998,-3.5397028327250006,-1.319209838275,0.037831664100000266,0.18149399755000029,-3.3856172561999998,-0.869845390350001,-1.8520307392000004,-2.1991755217,-6.3831835985500005,-2.5161333084000006,-6.028587171799999
2617.1875,0.16815276440000002,-3.6060452461,3.0333590508,4.621514797200001,1.2273310423,5.965657711,8.3228034973,23.179218292199998,15.8035097122,-0.488001287,4.6218209267,7.227596283,6.920198440599999,0.9626840353,-0.09931369125,-5.17826747895,-4.00402015445,-4.106738686600002,-1.6627115495500002,-0.3257102965999996,-0.16569209099999993,-3.0728187561499998,-1.3898448944500013,-1.20327696205,-3.2095738351,-7.0068626404,-2.7055075168500013,-6.445190072050001,-0.47784183917499995,1.9281144738,1.0345693230500002,0.7395254969499997,0.16725214569999985,-1.0940223932250004,-1.5875679254500004,-3.0650899410249983,-0.7834339141750002,0.9871787429000001,-1.5047320723750002,0.9259499311250008,-0.4866825938499997,1.57230680435
2625.0,-0.4954457879,-5.8223862648,1.5142604113,2.6494157314,0.08751454199999999,4.478330612200001,6.3269557953,17.1503219604,13.6347827911,-0.2987872958,0.9109910131,3.8371334076,5.653165340399999,-1.5450241566,-0.728335835,0.4034265279500002,-0.6326166391499999,-1.3067296743500003,-0.7917733341500001,-2.2281506061500003,-2.9282779693500003,-6.229471683499999,-3.3889298439,1.21860662105,-4.1303182840499995,-2.19143986705,-2.0760010480999997,-0.6728643924,-0.02540601045,2.8379164934250003,0.7388088703000002,0.6891887188250005,0.321778345875,-0.8719527423500004,-1.029778540125,-1.4112900495250005,-2.5849310755499992,-0.680720835925,-1.1570132077000002,0.7876466512749998,-2.3828451633499994,1.035474658025
2632.8125,-1.2885189056,-2.7991921902,1.7681257725,2.0080554485,-0.356215626,1.5093564987,2.4662475586,10.7202749252,9.0256500244,1.9492119551,-3.6388156414,2.8447165489,2.7681963444,-0.3830447495,-0.15012571215,0.4975655079000005,-2.52640241385,-2.72836124895,-1.0191548578,-2.0696157813000005,-2.22524917125,-5.8953988552,-6.55970704555,-2.5647186338999997,-5.5236002504999995,-5.43156933785,-7.471197843550001,-4.374240756,0.604730743875,-1.9243762493,-1.9542990923,-1.3384393453499994,-0.40497495235,0.7357638902750001,1.308190673575,0.09137967229999956,-2.4092946052500004,-4.559798762225,-0.3163228034999994,-2.85879588125,-3.329839110375,-4.039526835075
2640.625,-0.7956972122,-4.827255248999999,-3.5385444164,-2.8073067665,-1.9507951736,0.33909904960000004,1.8764574528,5.35952425,0.5153687,-5.4282245636,-10.1362094879,-7.0260052681,-9.2892303467,-10.2935056686,0.48112565275,-3.44532597065,-4.54121482375,-3.98360836505,-1.60172323885,-0.7566228256,-0.3118966222000001,-6.0467123389,-8.2075190544,-7.9009909034,-4.762963891049999,-7.909031629549999,-8.73567926885,-8.751918062549999,0.3066619262,-0.4280947447000005,1.6828548013999998,1.5669026970749995,0.65758315285,1.0298820808500002,0.7691016793249998,1.626483405,2.7584359049750002,2.450198650375,5.43055175245,4.06560751795,6.894013762475,4.163491189449998
2648.4375,-0.3262676001,-9.6898441315,-7.314303875,-5.959161281599998,-3.5596621037,-0.0038891525,1.8424543142,-1.3731497525999998,-7.3893880844,-13.852769851700002,-13.1647434235,-12.9733467102,-14.703162193299999,-17.8868808746,0.46319814025,-0.3586239815000005,0.8393071889499999,0.4054441451999997,0.2960114479000001,-0.009851619600000028,-0.6870458126000001,-2.6424320452,-1.0428352356,2.33567866685,5.3375032544000005,2.69964569805,6.3168296814,3.9527416229,0.14716720584999998,4.7702050209,5.3929834962,4.4679042697,2.323543809375,1.1129572734750002,0.3109493255750001,7.013805329775,8.918575525275001,11.391668289925,10.153787434125,10.372768759725,13.496223509324999,12.849393002674994
2656.25,0.1306990683,-5.544503212,-1.8599300385,-1.9964184761,-1.3587722778,0.3193958104,0.5023658275999999,0.0746601596,-1.5703017712,-0.7568672299,0.5387970209,-1.6267138719999998,3.3444290161000003,-2.3880224228,0.7754600644499999,6.0950840711500005,6.244752168650002,4.95220017435,3.0453643799,1.4692917213499999,0.3100020289500001,7.980898320650001,9.62963199615,14.882345676449999,15.5446109772,12.8365058899,18.2567677498,16.946867942799994,0.20048974455,2.7961447239000004,1.7508645654,1.9461681842750005,1.253344535825,1.3629448562750002,1.7774595618,7.221651267275,5.590794742125,2.7725743353250003,2.589091956625,2.9590365290749987,1.3743448257499995,2.92912316325
2664.0625,1.2246525288,2.5003240108,5.1752004623,3.9452390671,2.5310666561,2.9346942902,2.4624583721,14.5886468887,11.8698759079,15.911921501199998,17.9244785309,12.6996650696,21.8103733063,16.006855011,0.86417762935,5.2336654663,4.341036319750001,4.29778051375,2.8027005195499997,2.7160380929500003,2.8678733110000003,11.800870489349997,10.13875424865,7.880827337499999,10.51568716765,8.617718756199999,9.0655193329,9.810987949400001,-0.3326784968749999,-2.88003891705,-2.720743298525001,-1.6466103792249998,-1.19249898195,0.14079759787499999,1.13157483935,-1.1826553046500001,-2.9155848026249997,-8.772108793275,-7.762200832374999,-5.7910680771,-9.961281061174999,-8.9938724041
2671.875,1.859054327,4.9228277206,6.822142601,6.5991425514,4.2466287613,5.7514719963,6.2381124496,23.676401138299997,18.707206726099997,15.0047874451,21.5701713562,15.6087236404,21.4754676819,17.233953476,0.11010307070000014,0.33500623705,0.8032655715999995,1.6589794159,0.660366416,1.7508869171,2.5731517076499997,5.61558771135,3.7984623909000015,-2.6618719100999995,0.02020931244999957,1.2543697356999992,-1.6657943725500015,-1.0408768653999996,-0.6221882626499999,-2.256851315475,-1.4137785434749999,-1.26900064945,-1.2293398380250002,-0.9385234639000004,-0.7167006134749999,-2.5314581748249982,-3.0981585383749994,-3.626151278625,-5.8264809549,-3.0530412494999988,-4.3734688759,-4.4663441181499985
2679.6875,1.4448586702,3.1703364849,6.781731605499999,7.2631978989,3.8517994881,6.4364681244,7.6087617874,25.8198223114,19.4668006897,10.588177681,17.9648971558,15.208404540999998,18.478784561199998,13.9251012802,-0.3801988959499999,0.7199628353499999,1.5134792327999995,1.7597792148500002,0.3440208434999996,0.8389911651499995,1.4344720840499998,6.737954139700003,3.9424371719,0.6285247802500002,-1.1372747421499998,2.5116362572,0.3185815811000001,0.8782997131000005,-0.1478475928000001,2.8870568871499995,1.6646363735250005,1.0214681625249995,0.6175402998750001,-0.6883525848250002,-1.2022195458500002,0.6611807346250012,1.2025349140249997,4.7876412868500005,1.7466235160749999,2.7491002083,3.0041971206500007,4.521054267899999
2687.5,1.0986565351000002,6.3627533913,9.8491010666,10.1187009811,4.9346704483,7.429454326599998,9.1070566177,37.1523094177,26.592081069899997,16.2618370056,19.2956218719,20.6319961548,22.1126308441,18.9905529022,-0.18559211490000005,6.10912001135,4.13253831865,3.70191574095,1.8954470157500003,0.37418174744999977,0.16871261594999964,6.937949180600003,6.2035322189499995,6.9134106636000014,3.5134563446,6.752570152300001,4.34259986875,8.0012316704,0.10621185602499993,2.08772087095,0.4489426612750005,0.00893580915000003,0.4736920595250005,-0.9742816686499997,-1.849099040025,-5.740717887875003,-1.5060739516999997,1.9917883873249995,1.9595170021250008,0.3108007907750001,1.1403560638500003,2.5203070640749994
2695.3125,1.0736744404,15.3885765076,15.0468082428,14.667029380799999,7.642693519600001,7.1848316193,7.946187019299999,39.695720672600004,31.873865127600002,24.414999008200002,24.991809845,28.713544845599998,27.163984298699997,29.927564621,-0.16777518390000007,4.89540457725,2.4113645553500005,1.77765083315,1.2914049625500006,-1.1095721721499996,-2.263725996,-4.743481636050001,0.9302892685000009,4.612101554899999,2.7817592621000014,3.1332378387500004,2.5992937088000008,5.918913841249998,-0.008857533350000002,-4.2264378667,-3.612555742275,-3.5844821929749995,-1.4817408323250003,-0.8487346172499999,-1.0381211042249996,-7.586196422575003,-4.3769750595250025,-3.5109736919500008,-3.0920772552499995,-6.545355319999999,-3.7045044898749993,-6.105185747175
2703.125,0.7631061673,16.1535625458,14.6718301773,13.6740026474,7.5174803734000015,5.2103099823,4.5796046257,27.6653461456,28.4526596069,25.486040115399998,24.859140396100006,26.8984718323,27.311218261700002,30.8283805847,-0.20330718160000005,-2.34375572205,-3.0925731658999998,-3.4670486449999998,-1.0680346489000008,-1.32328748705,-1.9075295924999995,-8.234443664550003,-2.550417900100003,-0.10853672030000006,-2.6706981658999998,-6.338140487699999,-3.0664091109999987,-4.20913982395,0.15906864405,-3.60521781445,-3.0461912155000004,-2.7250314951,-1.1140807867250004,0.4418214559499998,1.139798283575,1.4440913200499998,-0.8182854652250002,-2.661745071424999,-2.7733983993500013,-5.0692150593,-3.7825055122250015,-5.830462932574999
2710.9375,0.6670600771999999,10.7010650635,8.861661911,7.7329320908,5.506624221799999,4.5382566452,4.1311278343,23.226833343499997,26.773029327399996,24.197925567600002,19.6504135132,16.0372638702,21.0311660767,21.509284973099998,0.1503621041999999,-2.31503105165,-3.68101787565,-3.67241215705,-0.9367566109000004,-0.22592926025000004,0.015870571150000234,-1.8552989959500008,-0.7062816619499994,-0.7113885879499993,-2.7650375366000013,-7.00519227985,-4.965717315650002,-5.742012023899998,0.2418553531250001,1.9035024643000005,1.6839468479249995,1.8757014274499992,0.7553205490250006,0.6555690765500002,0.8792370557749998,3.7561297416750032,1.019653320325002,0.14623594284999974,2.028614997875,3.3910980224749987,1.4482069015249994,2.6254596710500007
2718.75,1.0638303756999998,11.5235004425,7.309794426,6.329178333300001,5.6439671516,4.7584514618,4.6113457680000005,23.9547481537,27.040096283,24.0632629395,19.3290653229,12.8880872726,17.3797836304,19.3443565369,0.2804035246500001,1.4632492065500005,0.2753205299500001,0.2843542098999992,0.4426064491500004,-0.01214933394999962,-0.14905548095,-0.7221841811999976,-0.5111112594499989,0.18393516539999946,1.3865318298500002,0.4440555572499996,-0.16999530794999984,1.0417795181500011,-0.04802776874999989,0.0755593776750001,1.5464458465500002,1.5646446943249996,0.11570632460000008,0.02973282337500005,-0.033924698850000164,0.5412745475750009,-1.0832347870250008,-0.6882076263500005,1.0901212692000009,3.3984858989999998,2.746775150275001,2.258568286875
2726.5625,1.2278671265,13.6275634766,9.4123029709,8.301640510599999,6.3918371201,4.5139579773000005,3.8330168724,21.782464981100002,25.7508068085,24.5657958984,22.4234771729,16.9253749847,20.6911754608,23.5928440094,0.054306566700000114,-2.1639122963,-0.5881261825499999,-0.5431227684000004,-0.7053439617000001,-0.16646361349999994,-0.05197882655000008,-0.7727499007999992,-2.8727512360000014,-2.0878038406500004,-0.5847949981999996,-0.20822048184999972,0.5278329848999999,-1.22487545015,-0.01775796712500011,-3.48804175855,-1.6524859667000005,-1.5497897267499994,-1.08217805625,0.09967315197499982,0.5055347681,0.779084682449998,-1.71316576005,-2.03875398635,-1.8316526413250005,-2.160245895375,-0.6301512718,-3.2830994129250004
2734.375,1.1724435091,7.1956758499,6.1335420609,5.2429327965,4.2332792282,4.4255242348,4.5073881149,22.4092483521,21.294593811,19.8876552582,18.1594753265,12.4716463089,18.4354496002,16.8946056366,0.24488759039999985,-5.51283431055,-3.0296514034500013,-2.8152252436,-1.72174966335,0.18719697,0.8620140552500001,0.8359851836999983,-3.937442779549999,-3.8935728073,-2.2767734528000005,-3.8764362335,-1.4302978515499998,-5.5244193077,0.09433722497499997,-0.77929732575,-0.9934769869,-0.9628111943749996,-0.14507031442499985,0.03052091597499995,-0.05333149430000006,-1.8895459175250005,0.007739067100001051,-0.29837989807499943,0.0025110244999995146,-1.9464999437500008,-0.8441743850499996,-1.4038074016500004
2742.1875,1.7176423072999998,2.6018948555000003,3.353000164,2.6711900234,2.9483377934,4.8883519173000005,5.5570449829,23.4544353485,17.8759212494,16.7786502838,17.8699302673,9.1725025177,17.8305797577,12.544005394000001,0.24298101665000005,-3.7225069478,-2.57508015635,-2.46874515715,-0.9954845905499998,-0.10542178155000004,-0.1586418151500002,-4.55184173585,-2.8572731017999984,-2.6845636367999988,-0.5797729492000006,-4.101220369350001,-1.1605157851999994,-4.032490253450002,-0.3198807686499999,0.900988101975,0.13259780410000044,0.13847029212499984,0.207700341925,-0.6725924611250002,-1.246778190125,-6.019096821524999,-0.36483907700000096,-0.7345914840750005,-1.0529649257249996,-0.99586337805,-1.6019339561500003,-0.2784593552500003
2750.0,1.6584055424000002,-0.2493380457,0.9833817482,0.3054424822,2.2423100471,4.2146806717,4.1901044846,13.3055648804,15.580047607400001,14.5185279846,16.9999294281,4.2692055702,16.1144180298,8.8296251297,-0.3948739469,-3.7108581066000004,-2.76445579525,-2.53828465935,-1.3063489795,-1.1579879522500005,-1.631542325,-11.202208459349999,-4.667120933550001,-5.362755775450001,-4.3827033042500005,-5.8681629896,-4.6341657638500005,-6.0813380182,-0.4200643599250001,1.514107652,1.5280200839250002,1.521882191325,0.11509074272499985,-0.772914797075,-0.9879245665249998,-1.7294647097499998,-1.8213806152250007,-1.2067239284250006,-1.6883556842999998,2.2592873573500007,-0.4789161682250001,1.4215513467750005
2757.8125,0.9278944135,-4.8198213577,-2.1759114265,-2.4053792953,0.3356398344,2.5723760128,2.2939603329,1.0500184298000002,8.5416793823,6.0531387329,9.1045236588,-2.5638234615,8.56224823,0.3813293576,-0.5971477032000001,-0.6942916438000001,0.4809600115000001,0.5750192255,-0.7653031051000001,-1.6512513757,-2.1344909482,-8.01077115535,-6.50003433225,-5.0980114936500005,-3.9564843177999998,0.41735434535000016,-2.1183481216499995,-1.1893875599,0.09584845602499999,3.196362048375,2.930057883225,2.5990156530999995,0.88239067795,0.0554244891000002,0.008701488350000064,5.108027860499999,0.8752774000250003,3.2999694347500004,2.9669640064,5.9384528398250005,4.4031229019000016,5.912811845549999
2765.625,0.464110136,-1.6379213333000002,1.9453017712,1.4554809331999998,0.7117038368999999,0.9121779203,-0.07887741179999999,-2.7159774303,2.5799789429,4.3225049973,9.0869607925,5.1039142609,11.8777217865,6.4508500099,-0.20317703484999994,2.68186599015,3.0956599712,2.6597466468499995,0.4584323764,-1.0471389740500001,-1.6141393483000002,-0.98615273835,-2.9165661335000004,1.2371830940500002,1.5512247085499995,6.00874269005,4.172080039950001,5.744285672899999,0.5612796545250001,0.02353623137500005,-0.7223715158249999,-0.64684784135,0.360917076475,1.231393456475,1.74352018165,5.848342895499999,3.2956305146,2.1717445254000003,2.4695992469999997,-0.694162786025,0.6574163436999996,-0.07222491502499995
2773.4375,0.5215403438,0.5439106226,4.0154085159,2.9141139983999995,1.2525045872,0.4780980647,-0.9343183637,-0.9222870469,2.7085471153,8.527504921,12.206973075899999,9.4536619186,16.9064083099,11.869900703399999,0.5254116058500001,-0.64721918105,-0.96378302015,-0.7186764572,-0.04346895214999996,0.8115355372499999,1.3525494151000002,3.68591463565,0.09122669694999996,-0.7545224428499999,0.9827141762,-0.9709712267,-0.8035154342500004,-1.33383738995,0.5637398809,-1.050679594275,-1.75829201935,-0.9580043553999996,0.020453482849999986,1.389396175725,2.250456303375,3.1458089947750003,0.8151252567749999,-3.73059999945,-0.4582302570499994,-3.0092179179,-4.33886539935,-4.2323081940249985
2781.25,1.5149333477000002,-2.9323596954,0.0177357309,0.0181280188,0.6247659326,2.5352489948,2.6262214184,4.6558518410000005,2.7624323368,2.8134601116000004,11.0523891449,3.1619718075,10.270690918,3.78317523,0.9243027269500002,0.5805068016000001,-0.4209240675000001,0.7437379360500005,0.4993393421,1.7316533773999998,2.8867732584500003,5.3054652511999985,-1.28631561995,-6.22401690485,0.6347641944500007,-0.00969314575000002,-4.505650758750001,-2.72033071515,-0.1865364313250001,3.9090886116,3.044849688175,3.0884676371,1.0762182325,-0.19838628172499995,-0.4317099359000001,0.7407649159499996,0.365340948125,0.3930530548249999,0.9475233554750004,4.94353210925,1.1418902873750003,4.3999068737
2789.0625,2.3701457977,1.7049242258,3.1735603809,4.4015898705000005,2.2511832714,3.9414048195,4.8392281532,9.6886434555,0.1359158754,-3.9205288887,13.4765014648,9.4342756271,7.8951067924,6.429239273099999,0.15233874319999985,7.1709580421500005,5.1259163562,5.458258817000001,2.10896751285,0.4147629738000001,0.48912954329999997,5.167444467549998,0.8219085931999999,0.0315836667999998,2.8777608871500013,8.9160929918,1.4802651405000002,7.4659763574500015,-0.975630871925,0.31185635925,0.24530363085000015,-0.5933991074750005,-0.3995040059,-1.342032872125,-1.903024330725,-1.3412137180499997,2.4263060689,5.175286531449999,-2.7562977671250004,-0.714070320125,1.1319916844500004,1.1291900873000005
2796.875,1.8196108341,11.4095563889,10.2695684433,10.9346456528,4.8427009583,3.3647749424,3.604480505,14.990740776099999,4.4062495232,2.8766274452,16.8079109192,20.994157791099997,13.231221199,18.7151279449,-1.0269590169,1.2042195201,0.06968319420000024,-0.4430602789000005,-0.2996686697000001,-0.9524123668499996,-0.9192754029999995,2.6230378151,3.56629651785,4.1265561580500005,-4.8778313398,-1.437833786,-2.2416673898500004,-0.4619505405499993,-0.5635785162249999,-7.141775727274999,-5.9461222263,-6.202195202025,-2.6862851828500003,-1.365445733075,-1.3662648796999999,-7.471755266199999,-3.3198239207499998,-2.329333961,-7.283811688425001,-11.20375090835,-5.9851205348750005,-10.22447925805
2804.6875,0.3162277639,4.113363266,3.3129267693,3.5154693127,1.651845932,2.0365800858000003,3.0006773472000003,14.9347190857,7.2685089111,4.3325834274,3.7208387852,6.5586080551,3.4117720127,5.505338192000001,-0.97481828925,-7.1125934124,-6.7663280964000005,-6.94613158705,-3.26360285285,-2.3161284923500003,-2.2434002161,-9.77606606485,-5.8177392483000006,-4.6270842552,-11.6898624897,-13.4914088249,-10.489975929249999,-12.98298215865,0.6229220181499999,-0.5806098878500001,-0.3528361320750002,-0.2486210167499997,-0.303636327375,-1.1724513769250002,-1.9746789932500004,-10.86238217355,-9.378371685725,-5.4636226892250015,1.989106506075,0.2609887123000001,0.1926325187,0.12463128567499936
2812.5,-0.1300257444,-2.8156304359,-3.2630877495,-2.9576175213,-1.6845047474,-1.2674820423,-0.8823199272,-4.5613913536,-7.2292289734000015,-6.3775410652,-6.5718140602,-5.9886598587,-7.7487306595,-7.2508363724,0.2188850194,0.042999744399999866,-0.6359890699500002,-0.9403023123999998,-0.90694132445,-3.2973151207000004,-4.8686333895,-19.101726532,-15.1904468536,-6.800689220400001,-0.8996183276499998,-0.9158563614,-1.85640235245,-0.21268796920000052,0.8552092015499999,4.69574582575,4.203674273100002,4.1961706969999994,2.0103319362,0.8059742450749999,0.303727328775,1.5638909339999998,0.11129605772500016,1.8491398096,8.517127513875,8.679757982475,7.156007550650001,8.894225537775
2820.3125,0.7539978026999999,4.1993627548,2.0409486294,1.6348646879,-0.1620367169,-4.5580501556,-6.7365894318,-23.2687339783,-23.112384796100002,-9.2687950134,1.9216021299,4.7268953323,-0.3010326922,5.0799622536,0.7356001138499999,2.2788982391,1.6410204497999998,1.44620980695,0.7570610195499999,-0.7041800021999999,-1.6359455585499998,-6.64828419685,-5.595147132849999,-0.9288046360000002,5.34439253805,3.86810714005,3.8220391720499998,4.8054689169,-0.07522998002499996,-3.629107713675,-2.33203697205,-1.8701426982749998,-0.22252187135,3.0360136926,4.678679406675,14.760044634349999,12.151013612725002,3.64628767965,-1.13246452805,-4.1984016895249985,-1.1079057306000002,-4.917878747
2828.125,1.3411744833,1.7421660422999998,0.0189531501,-0.0651979074,-0.1703827083,-2.6758420467,-4.1542110443,-17.8579597473,-18.419523239100002,-8.2351503372,4.1169710159,1.7475544213999998,-0.1046523154,2.3601014614,0.06842505935000004,-7.215215682949999,-5.30006301405,-4.68058770895,-1.35198506715,2.7747122644999997,4.48872542385,10.418362736699999,9.11158037185,0.4918861389,-3.16454738375,-9.312659740449998,-4.07221381365,-10.0484454632,-0.6728378850749999,-3.72892725465,-2.8592121927,-2.791534144425,-0.9872122556,1.082166530175,2.0789333880000003,7.517394363875001,7.776460975400001,2.6945356577500004,-4.880910038925,-5.992126286025,-3.328177616,-6.042578339575
2835.9375,0.8908479214,-10.2310686111,-8.5591773987,-7.72631073,-2.8660068512,0.9913743734,2.2408614159,-2.4320085049,-4.8892240524,-8.2850227356,-4.4074926376,-13.898424148599998,-8.4454603195,-15.016928672799999,-0.6100756562999999,-5.1789562702,-4.0774039356,-4.1368584819,-1.21736349165,1.46015305815,2.52192121745,8.3865045309,9.957774817950002,4.4602666795,-4.4174275398,-8.116145432,-2.83431605995,-7.279687762249999,-0.2397336215,6.561690658300001,4.329632818725,3.42880401015,1.410260804,-2.042850166525,-3.5360233188,-5.869919300075001,-2.8061262369250004,4.39481544495,3.37165030835,7.1069046258999995,4.826944850375,9.403724551225
2843.75,0.1210231707,-8.6157464981,-8.1358547211,-8.3389148712,-2.6051096916,0.2444640696,0.8896313906000001,-1.0849506855,1.4960263968,0.6853830218000001,-4.7178840637,-14.4847364426,-5.7732844353,-12.199274063099999,-0.41104218365,5.90816563365,3.3592026234,2.17702031135,1.4685365408500002,-1.31098806855,-2.58332121375,-1.32147586345,3.499327898,9.2815170288,3.57875323295,4.901149511349999,5.5816758871,8.75900363925,0.44124369692500004,4.60598021745,3.6496307416999993,3.526765355825,1.2845387589,-0.741443805375,-1.5375633463499998,-3.7341214716500004,-4.7134816050750015,-0.6931279599500001,4.6261035203750005,7.119974285374999,3.9107624516,7.100007504224999
2851.5625,0.0687635541,1.5852626562,-1.8407721519,-3.3722701073000003,0.0710662305,-1.6306017637,-2.9257810116000003,-5.0749602318,2.1094317436,10.278011322000001,2.7500138283,-4.0961251259,2.7178914547,2.5010786057,0.27241173755,4.0330041647,3.2218575478,2.91667222975,1.35171402615,-0.0227345526,-0.55320547525,0.9182615876000001,0.5308116078,3.0740107595999997,4.83477950095,6.12380313875,4.9872088432499995,6.9203272461999985,0.46556165815,-4.555866658675,-1.9389784336250002,-0.9369095563749996,-0.8478139340749999,1.6157198845999998,2.7219360471,3.176630795,-1.4236507415500002,-6.767262548200001,-1.1101763248499998,-2.1915960908,-2.47645795345,-5.576797962224999
2859.375,0.6658466458,-0.5497381686999999,-1.6921396255,-2.5055704117,0.0983183607,0.1989949644,-0.2167795599,0.7515724897,2.5576496124,6.833404541,4.9516749382,-2.2371301651,4.2011332512,1.6413804293,0.52008113265,-3.2035676837,-0.5187542438499999,0.3032011986000003,-0.2270913273,1.92045170065,2.8605508804500004,5.03178572655,0.6520264148999999,-4.2530080676000015,1.35840058325,0.5179573297499998,0.6287599801999999,-2.3945922852,-0.10946725492499998,-0.852005481725,-0.24426591399999964,0.017726182949999947,-0.15622467917500005,0.2171687409,0.3639157154,-0.4805408716,0.06015661362499991,-1.80817218125,-1.07404494285,-0.6114686727499996,-1.133324027075,-1.4535005688749996
2867.1875,1.1089258194,-4.8218727112,-2.8782806396,-2.7658677101,-0.3831164241,2.2103016376,2.7953207493,4.9886112213,3.4134845734,1.7719951868,5.4668149948,-3.0602104664,3.9754114151,-2.2881059647,0.05347722770000002,2.3289932012500003,2.7333257198000003,2.95212459565,1.0392646678,0.4116029292,0.17462595555,-0.04282015560000002,0.6511248350499999,-0.5423336029000003,2.68668961525,4.9008657932499995,2.7205607891000003,4.01332610845,-0.36757892369999995,5.091983169324999,2.547891974425,1.83307158945,0.998714678,-1.50478687135,-2.4693120122,-3.101110398775,-0.08703374864999991,4.471409738050001,0.9849652052,3.435074329375,1.7270423769999996,5.711524486575001
2875.0,0.7728011012,4.1082482338,3.7745118141,3.3986787796,2.1768476963,1.0222008228,0.1324723512,0.6659321785,3.8598992825,5.7487373352,10.3250541687,7.5646014214,9.6422548294,9.6680326462,-0.21507671475,6.980398654949999,4.577029704999998,3.9693443775,1.7703380287000001,-1.08912204205,-2.07807314395,-1.170435071,0.4779589176000001,4.689811408500001,3.3283309936500003,7.388105988499999,4.082844734199998,9.02845668795,0.25035347045,0.1348463892999996,-0.8484112024000003,-1.1240836382,-0.00980525650000008,0.2750167474500001,0.507303655125,3.8710908591750006,1.84154379365,3.09015750885,0.909121871,-1.18852686885,0.4024676084499999,0.04702284932499978
2882.8125,0.6787723899,9.1389245987,6.2757787704,5.1728210449,3.1575596333,0.0320575535,-1.3608255386,2.6477410793,4.3694024086,11.151618003800001,12.1234769821,11.7160015106,12.141100883499998,15.7688074112,0.5541841686,2.5986859798499995,1.0365033149999996,0.7039573192500002,1.0196541547999998,0.9616364241000002,1.1892332658,7.699361562750001,4.3342124223499985,5.6379814148000005,4.5049333572500005,2.52381205555,3.5254960060000005,4.1073718071,0.542732983825,-3.3240180015749994,-2.56692707535,-2.002803683275,-0.4338882416750001,1.7011584490500002,2.6022387146750003,4.477677464499999,2.4460372925,-1.8044913709000008,0.30561137200000044,-3.896539986125,-1.9300739765249992,-4.699015617375
2890.625,1.8811694384,9.3056201935,5.8475184440999985,4.8065934181,4.2161560058999985,2.945473671,2.5109388828,16.064655304000002,12.5283241272,17.0247001648,19.3349208832,12.6122255325,16.6932468414,17.8827762604,0.8703892529,0.3323626518000005,-0.5568244456999998,-0.036262989049999916,0.9025615453499998,2.3131948560500004,3.1264042854000005,7.7849198579999985,5.3700335026,1.0808286666999996,3.9395537376500007,-0.4049739837500006,0.2226967811500007,-0.3695745468,-0.637645222275,-2.55459558965,-1.4103901386499995,-1.0480082035000002,-1.1296024918749996,-0.9633677602,-1.006005894375,-6.5094248056750015,-3.857677757725,-5.58680689335,-5.684643745424999,-3.412298083275,-4.9018896818,-5.0447580814499995
2898.4375,2.4195508957,9.8036499023,5.162129879,5.1002950668,4.962682724,4.6584472656,4.891983032200001,18.217580795299998,15.109469413800001,13.3132753372,20.0025844574,10.906053543099999,12.5864944458,15.0296583176,-0.72110627595,-2.51050519945,-1.7842769623,-1.39205908775,-1.2395508289499997,-0.9650990963,-0.8227785229500001,-5.319488048600002,-3.3811430930999995,-5.535632371899999,-6.864354133599999,-4.3007841110000005,-6.2782833576,-5.9821443558,-1.290886953475,-1.8354634642250005,-0.14345914127500015,-0.7935888171000001,-1.51817937195,-2.6939645335000004,-3.4966896176000004,-8.435986929574998,-5.1456143856250005,-0.922515153875,-6.2941366434249995,-1.1383454799749992,-0.9059972763000004,-1.283144235625
2906.25,0.4389568865,4.2846097946,2.2789645195,2.0224752426,1.737054348,1.0152754784,0.8653818368999999,5.425679206799999,5.766037941,5.953435421,5.6062126160000005,4.0106573105,4.1366801262,5.9184875488,-1.71138465405,-3.33856427665,-0.8437427282500001,-1.6234406232499998,-2.13379719855,-3.0747342109500004,-3.8669749498,-9.08705400115,-4.921195268650001,-0.7642016410500005,-8.648719549199999,-2.681664943699999,-1.58929777145,-2.93586301805,0.2093775198,1.8571557998750001,1.5409512520000002,1.0155125856500002,0.6687360405999998,-0.1980802118749999,-0.751461684725,-0.015294432599998409,0.7167171239749996,4.015583992,3.9969491958499987,3.218848705275001,4.8250236511,4.802027940775
2914.0625,-1.0032184124,3.126521349,3.4746444225,1.8534138203,0.6950883269,-1.4910211563,-2.8419668674,0.043472793,5.267078876499999,11.7848720551,2.705145359,5.542723655700001,9.4078989029,9.157932281499999,-0.30235123635,1.2038064003,1.2976255417000004,0.6389660835500002,0.09792125225000003,-1.36125952005,-2.3257018924,-5.350076913799999,-1.94770884515,2.4955356121000003,1.1295442580999997,2.13691329955,3.3717639446,3.62191152575,1.27083233,1.515261471225,-0.7083218693500001,0.09166508910000004,0.8214676305749999,1.152560532075,1.5561962127500002,-0.02668453570000029,-2.697651863099999,-4.53721368315,3.4442573786000006,-0.5895964503250006,-3.002461552625,-1.0809168219499998
2921.875,-0.1657455862,6.6922225952,4.8742156029000006,3.3004074097000005,1.9328968525,-1.7072435617,-3.7860219479,-5.2744746208,1.8706202507,10.9445066452,7.8653011322,8.2844839096,10.8802080154,13.1623106003,0.83028000595,-0.3080413341999999,-2.26038646695,-1.44011044505,-0.4908619374,-0.7696131468,-0.7545825243000001,-9.14042307255,-10.31649899485,-9.83862900735,-1.760204792,-3.86085784435,-7.5942208767,-5.09769666195,0.13555045054999998,-3.5464659929249995,-3.757905840875,-2.792163729675,-1.384468257425,0.11329114434999997,1.0578331053499999,-2.011503219625001,-4.73587322235,-8.713429093350001,-6.217832565299998,-6.955967426300001,-9.5458613634,-9.407680988325
2929.6875,0.6573415995,2.5104386806,-1.0461285114,-1.0268070698,-0.2866355479,-3.0302474499,-4.351131916,-18.2373733521,-15.365919113199999,-7.8923859596,-0.815264225,-2.178992033,-5.7805428505,-1.0374610424,-0.03125033525000001,-5.88912558555,-6.21818614005,-4.9453613758,-2.6710152626,-1.13467723135,-0.2100356817,-9.37308335305,-11.41945528985,-14.931322574600001,-11.3061208725,-11.775021553050001,-15.7199587822,-15.193450450899999,-0.837655127075,-1.1177217364,-0.3980326056749999,-0.6370747685249999,-0.536442101,-0.05320298669999979,0.27709048984999995,4.0794678992,4.390083432225,2.8253309726750007,-3.82713997365,-1.5417584180750004,-0.8569803237749998,-1.5947891473749998
2937.5,-0.2282462567,-5.0860285759,-7.5621566772,-6.5903153419,-3.4091336727,-3.9765980244,-4.2060933113,-24.0206413269,-20.968290329000002,-18.918138504,-14.7469406128,-15.265559196500002,-20.559709549,-17.2245903015,-0.8450302482000001,-2.543484807,-3.0564516783,-2.7142599821,-1.5637461394,-0.8760191201999996,-0.20040154460000004,-0.98148727415,-1.5363321304000008,-4.1879670619999985,-9.414484739299999,-6.944374680500001,-9.30818152425,-8.2872749567,-0.016172453774999974,4.39182539285,3.2305631637500003,2.6994361877250004,1.42792898415,0.412159889975,0.25886058805,6.9199105501250004,5.220192313200001,6.9063441753250014,3.9900650978,5.816095590600003,5.289085149775,7.155580282200002
2945.3125,-1.0327188969,-2.5765309334,-7.159031868,-6.455327034,-3.4141278267,-4.782285690299999,-4.7519350052,-20.2003479004,-18.438583374,-16.2683200836,-19.644233703599998,-16.067741394000002,-24.396905899,-17.6120109558,-0.06359524279999998,2.8945252001499995,0.2429401874499999,0.4535109996500002,0.18484270569999994,-0.31035745140000004,0.30768549440000004,4.466737747200001,-0.979070663449999,-1.11863422395,-3.3259906769,-0.1428303718499988,-5.141788482649998,-0.8822898864999988,0.917160242825,3.674858033650001,2.5822876096000003,2.86232925205,1.753605701025,1.4766571521749996,1.571866542125,4.7107855677499995,2.1790614128000008,1.2813438176999994,6.7426809072500005,5.494261801225001,3.90237033365,5.486568987375
2953.125,-0.35543674229999994,0.7030218243999999,-7.0762763023,-5.6832933426,-3.0394482613,-4.5973129272,-3.5907223225,-15.0871658325,-22.9264316559,-21.1554069519,-21.3989219666,-15.5512199402,-30.843286514299997,-18.9891700745,0.98929023745,4.806231260300001,2.1081235409,3.010398522,1.94346526265,2.07729518415,2.94333153965,8.44008386135,2.8217906952000007,-1.6252794266000006,4.0708770751999985,4.0441489219500015,-1.5034408569500002,2.6858630180499987,0.32555979862499995,2.266123503425,2.774990081775,2.9174910784000003,1.8017323613500005,1.86846524475,1.6718068122999998,3.777955055225,7.380497097975,3.873036742225001,6.65008160475,4.98409831525,6.100794792174998,5.538383722324999
2960.9375,0.945861578,7.0359315872,-2.9427847862,-0.43452999,0.4728026986,-0.627695322,1.1347280741,-3.3201801777,-12.795001983599999,-19.5188789368,-11.502479553199999,-7.9794435501,-27.4037876129,-12.2402849197,0.58752435445,7.426772206999999,5.792920351,6.2884931564499995,3.788307428400001,3.4265730381,3.651299119,12.022647857650002,13.7819235325,6.627439260500001,9.974172532599999,9.82536625865,7.0598011017,10.19447755815,-0.6986972391749999,-0.8602129221000001,0.06822887062500005,-0.4030446559000001,-0.28486332297500017,-0.4675347805249999,-0.8387406468499998,-0.9852763414250004,3.0973906516749983,3.4614403248000003,-1.32184910775,-0.6268332004500003,1.7305788994000002,0.40372633932500057
2968.75,0.8196119666,15.556566238399999,4.5095643997,6.8936929703,4.5371665955000005,2.255833149,3.7118759155,8.9581298828,4.6374154091,-7.9005284309000015,-1.4505769013999998,4.0995125771,-16.723684310899998,1.3997850418,-0.4081042409,3.0858054161000004,2.24458128215,2.2043092102,1.3737386167,1.1422256231,1.2658502459500005,6.4695311785000005,9.01657199855,5.297601223,1.4271788596999997,2.7904825210500004,1.95771694185,3.4933156967000003,-0.21996520460000002,-4.588679835199999,-4.6553442478,-4.723169118175,-2.3218576312250003,-1.755731761475,-1.603734314425,-6.593089342100001,-7.628415495175,-4.8502585888,-7.037042558225,-8.379409313225,-7.191042423250001,-8.473043918624999
2976.5625,0.12965309619999998,13.207542419400001,1.5463777781,3.9740884304,3.220279932,1.6567559241999998,3.666428566,9.6188821793,5.2381420135,-8.9236764908,-8.6481218338,-2.398478508,-23.4883537292,-5.2536535263,0.14759394524999994,-1.7505874633999987,-3.5177681445999998,-3.1578450799,-0.8554078340500002,-0.08489048484999984,0.4438304901499999,-1.1635308265499995,-1.4749074578499999,-3.0730779171,-4.09991258385,-6.933452367799998,-7.322283744800003,-6.7516102790999994,0.599265813825,-0.6856009960000007,-1.377928361325,-1.264422707275,-0.40311585365,-0.5149421095749999,-0.6444370448750003,-4.4025041461250005,-5.720439948099999,-3.3256161213,0.5869179964,-1.747977435575,-1.7155766487250004,-1.6290833950000003
2984.375,1.1147998571,12.055391311600001,-2.5259718895,0.5780028105,2.8263509274,2.0860521793,4.5995368958,6.6310682297,1.6876004934,-14.0466842651,-9.6504020691,-9.7673921585,-31.3682518005,-12.103435516400001,0.79042738675,1.714603424099999,-0.5112754405000001,-0.32453620435,0.5675069093999998,0.11234140395000014,-0.02302384380000033,-2.33547711375,-2.42430789765,-1.3536310196,2.6010148525,-0.7054723501000001,-1.4734363556000003,0.2351489066999997,0.22405703367500004,3.1659727096999983,3.2837834656,2.95242914555,1.192175328725,-0.05986148117500013,-0.7114932537750001,-0.2598047256750005,0.08841659132500013,2.7444118260999995,5.152111262075,6.44571065905,6.127654552450001,7.0358450413
2992.1875,1.7105078697,16.6367492676,0.5238268971,3.3250160217,4.3552937508,1.8814387321,3.6203808784,4.9479279518,0.3895262182,-11.63093853,-3.4460921288,-3.8094232082,-26.4352264404,-4.783355712900001,0.5957080126000001,4.581357955999998,3.0497987866000003,2.7470132112,1.5289428233999995,-0.20461344720000008,-0.9791560174000002,-1.6831402779000006,-1.2980742751999998,2.4157457351,6.2043099403,5.9579689503,4.9330253601,7.3200798035,-0.19471937415,2.866754531899999,3.5610742270999998,3.0715494155500003,0.9614359139999996,-0.3169548511500002,-0.9561321736,0.6523368358499995,1.12623362245,3.7693767547,3.6032950878,6.6634413004,6.406461715700001,7.0849308968
